model_or_difference,metric,point,ci95_low,ci95_high,valid_draws
M1_length_only,f1,0.6895,0.6341,0.7406,2000
M1_length_only,recall_malicious,0.8733,0.8194,0.925,2000
M1_length_only,precision,0.5696,0.5044,0.6348,2000
M1_length_only,roc_auc,0.6614,0.6018,0.7242,2000
M1_plus_QR,f1,0.6811,0.6281,0.7315,2000
M1_plus_QR,recall_malicious,0.9467,0.9104,0.9796,2000
M1_plus_QR,precision,0.5318,0.4721,0.5925,2000
M1_plus_QR,roc_auc,0.6697,0.6073,0.7296,2000
E1_url_only,f1,0.7766,0.7208,0.8266,2000
E1_url_only,recall_malicious,0.7533,0.6852,0.8224,2000
E1_url_only,precision,0.8014,0.7348,0.8672,2000
E1_url_only,roc_auc,0.863,0.8226,0.9003,2000
E2_qr_only,f1,0.6794,0.6278,0.7285,2000
E2_qr_only,recall_malicious,0.9467,0.9104,0.9796,2000
E2_qr_only,precision,0.5299,0.4715,0.59,2000
E2_qr_only,roc_auc,0.6688,0.608,0.7286,2000
E3_fusion,f1,0.7625,0.7082,0.8119,2000
E3_fusion,recall_malicious,0.76,0.6901,0.8273,2000
E3_fusion,precision,0.7651,0.6993,0.8334,2000
E3_fusion,roc_auc,0.8585,0.8174,0.8975,2000
E3_reducedQR,f1,0.7666,0.7161,0.813,2000
E3_reducedQR,recall_malicious,0.8867,0.8365,0.9333,2000
E3_reducedQR,precision,0.6751,0.6119,0.7413,2000
E3_reducedQR,roc_auc,0.8612,0.8204,0.899,2000
E3_fusion - E1_url_only,f1,-0.0141,-0.038,0.0086,2000
E3_fusion - E1_url_only,recall_malicious,0.0067,-0.0213,0.0375,2000
E3_fusion - E1_url_only,roc_auc,-0.0045,-0.0115,0.0027,2000
M1_plus_QR - M1_length_only,f1,-0.0084,-0.036,0.0214,2000
M1_plus_QR - M1_length_only,recall_malicious,0.0733,0.0357,0.1194,2000
M1_plus_QR - M1_length_only,roc_auc,0.0083,-0.021,0.0378,2000
E2_qr_only - M1_length_only,f1,-0.01,-0.0379,0.019,2000
E2_qr_only - M1_length_only,recall_malicious,0.0733,0.0357,0.1194,2000
E2_qr_only - M1_length_only,roc_auc,0.0073,-0.0225,0.0378,2000
E3_reducedQR - E1_url_only,f1,-0.0101,-0.0541,0.036,2000
E3_reducedQR - E1_url_only,recall_malicious,0.1333,0.0827,0.1888,2000
E3_reducedQR - E1_url_only,roc_auc,-0.0018,-0.0097,0.0059,2000
