model,C,fold_f1,mean_f1
M1_length_only,0.01,"[0.5385, 0.5152, 0.5581, 0.6148, 0.5632]",0.558
M1_length_only,0.1,"[0.5385, 0.5152, 0.5301, 0.6148, 0.5632]",0.5524
M1_length_only,1.0,"[0.5385, 0.5152, 0.5301, 0.6254, 0.5632]",0.5545
M1_length_only,10.0,"[0.5385, 0.5152, 0.5301, 0.6254, 0.5632]",0.5545
M1_plus_QR,0.01,"[0.5185, 0.553, 0.56, 0.5606, 0.5267]",0.5438
M1_plus_QR,0.1,"[0.5362, 0.5547, 0.5188, 0.6137, 0.5714]",0.559
M1_plus_QR,1.0,"[0.55, 0.5556, 0.5328, 0.6115, 0.5682]",0.5636
M1_plus_QR,10.0,"[0.5556, 0.5662, 0.5591, 0.6219, 0.5766]",0.5759
E1_url_only,0.01,"[0.6889, 0.7581, 0.7189, 0.8182, 0.7647]",0.7497
E1_url_only,0.1,"[0.7331, 0.7213, 0.7189, 0.8396, 0.773]",0.7572
E1_url_only,1.0,"[0.7368, 0.7184, 0.7297, 0.8407, 0.7535]",0.7558
E1_url_only,10.0,"[0.7376, 0.7236, 0.7207, 0.8407, 0.7509]",0.7547
E2_qr_only,0.01,"[0.5149, 0.6045, 0.56, 0.5594, 0.5287]",0.5535
E2_qr_only,0.1,"[0.5221, 0.5625, 0.5311, 0.5985, 0.5433]",0.5515
E2_qr_only,1.0,"[0.5532, 0.5659, 0.5328, 0.6065, 0.5606]",0.5638
E2_qr_only,10.0,"[0.5556, 0.587, 0.5714, 0.6219, 0.5797]",0.5831
E3_fusion,0.01,"[0.694, 0.7377, 0.7156, 0.8345, 0.7636]",0.7491
E3_fusion,0.1,"[0.7455, 0.7265, 0.7354, 0.8271, 0.7527]",0.7575
E3_fusion,1.0,"[0.7439, 0.7184, 0.7162, 0.8339, 0.7571]",0.7539
E3_fusion,10.0,"[0.7579, 0.7236, 0.7074, 0.8367, 0.7518]",0.7555
E3_reducedQR,0.01,"[0.6889, 0.7561, 0.7256, 0.8211, 0.7619]",0.7507
E3_reducedQR,0.1,"[0.7402, 0.7449, 0.7273, 0.8446, 0.7643]",0.7643
E3_reducedQR,1.0,"[0.7535, 0.739, 0.7354, 0.8378, 0.7633]",0.7658
E3_reducedQR,10.0,"[0.7518, 0.7287, 0.7265, 0.8356, 0.7616]",0.7608
