condition,analysis_set,feature_name,feature_group,clean_median,distorted_median,raw_delta,transformed_delta,model_coefficient,mean_logit_contribution_clean,mean_logit_contribution_distorted,mean_logit_shift
clean,full test set,url_length,URL,50.0,50.0,0.0,0.0,-0.1204,-0.0116,-0.0116,0.0
clean,full test set,url_hostname_length,URL,18.0,18.0,0.0,0.0,0.5398,-0.033,-0.033,0.0
clean,full test set,url_path_length,URL,20.0,20.0,0.0,0.0,-0.4594,-0.0245,-0.0245,0.0
clean,full test set,url_query_length,URL,0.0,0.0,0.0,0.0,0.251,0.0274,0.0274,0.0
clean,full test set,url_dot_count,URL,2.0,2.0,0.0,0.0,0.1848,0.0077,0.0077,0.0
clean,full test set,url_subdomain_count,URL,1.0,1.0,0.0,0.0,-0.9023,-0.0314,-0.0314,0.0
clean,full test set,url_hyphen_count,URL,0.0,0.0,0.0,0.0,-0.1048,-0.008,-0.008,0.0
clean,full test set,url_digit_count,URL,0.0,0.0,0.0,0.0,0.1287,0.0137,0.0137,0.0
clean,full test set,url_special_char_count,URL,1.0,1.0,0.0,0.0,-0.8057,-0.1225,-0.1225,0.0
clean,full test set,url_at_count,URL,0.0,0.0,0.0,0.0,0.3679,0.0216,0.0216,0.0
clean,full test set,url_question_count,URL,0.0,0.0,0.0,0.0,0.1551,0.0142,0.0142,0.0
clean,full test set,url_equals_count,URL,0.0,0.0,0.0,0.0,0.2616,0.0562,0.0562,0.0
clean,full test set,url_ampersand_count,URL,0.0,0.0,0.0,0.0,-0.0665,-0.0086,-0.0086,0.0
clean,full test set,url_percent_count,URL,0.0,0.0,0.0,0.0,-0.1251,-0.0318,-0.0318,0.0
clean,full test set,url_path_depth,URL,2.0,2.0,0.0,0.0,0.7542,0.0218,0.0218,0.0
clean,full test set,url_query_param_count,URL,0.0,0.0,0.0,0.0,0.0163,0.0017,0.0017,0.0
clean,full test set,url_suspicious_token_count,URL,0.0,0.0,0.0,0.0,0.7683,0.0959,0.0959,0.0
clean,full test set,qr_blur_score,QR/image,3612.3178,3612.3178,0.0,0.0,0.1498,0.0172,0.0172,0.0
clean,full test set,qr_dark_component_density,QR/image,0.5722,0.5722,0.0,0.0,-0.0154,-0.0021,-0.0021,0.0
clean,full test set,qr_decoded_modules_per_side,QR/image,33.0,33.0,0.0,0.0,0.1697,0.0192,0.0192,0.0
clean,full test set,url_digit_ratio,URL,0.0,0.0,0.0,0.0,0.5405,0.0491,0.0491,0.0
clean,full test set,url_has_https,URL,0.0,0.0,0.0,0.0,-0.3054,0.0085,0.0085,0.0
clean,full test set,url_has_ip,URL,0.0,0.0,0.0,0.0,0.1552,-0.0165,-0.0165,0.0
clean,full test set,url_has_punycode,URL,0.0,0.0,0.0,0.0,0.2156,-0.01,-0.01,0.0
clean,full test set,url_has_double_slash_path,URL,0.0,0.0,0.0,0.0,0.1996,-0.0142,-0.0142,0.0
clean,full test set,url_entropy,URL,4.2,4.2,0.0,0.0,0.3282,0.028,0.028,0.0
clean,full test set,url_has_token_login,URL,0.0,0.0,0.0,0.0,0.2351,0.0261,0.0261,0.0
clean,full test set,url_has_token_verify,URL,0.0,0.0,0.0,0.0,0.0918,0.0033,0.0033,0.0
clean,full test set,url_has_token_account,URL,0.0,0.0,0.0,0.0,-0.1132,-0.0081,-0.0081,0.0
clean,full test set,url_has_token_secure,URL,0.0,0.0,0.0,0.0,0.1009,0.0314,0.0314,0.0
clean,full test set,url_has_token_update,URL,0.0,0.0,0.0,0.0,0.1327,0.015,0.015,0.0
clean,full test set,url_has_token_bank,URL,0.0,0.0,0.0,0.0,-0.0638,-0.0031,-0.0031,0.0
clean,full test set,qr_gray_mean,QR/image,0.6651,0.6651,0.0,0.0,0.0476,-0.0053,-0.0053,0.0
clean,full test set,qr_gray_std,QR/image,0.4614,0.4614,0.0,0.0,-0.3015,-0.0288,-0.0288,0.0
clean,full test set,qr_dark_ratio,QR/image,0.3318,0.3318,0.0,0.0,-0.0067,-0.0007,-0.0007,0.0
clean,full test set,qr_edge_density,QR/image,0.0528,0.0528,0.0,0.0,0.2095,0.023,0.023,0.0
clean,full test set,qr_quiet_zone_ratio,QR/image,0.0977,0.0977,0.0,0.0,-0.1941,0.0206,0.0206,0.0
blur strong,full test set,url_length,URL,50.0,50.0,0.0,0.0,-0.1204,-0.0116,-0.0116,0.0
blur strong,full test set,url_hostname_length,URL,18.0,18.0,0.0,0.0,0.5398,-0.033,-0.033,0.0
blur strong,full test set,url_path_length,URL,20.0,20.0,0.0,0.0,-0.4594,-0.0245,-0.0245,0.0
blur strong,full test set,url_query_length,URL,0.0,0.0,0.0,0.0,0.251,0.0274,0.0274,0.0
blur strong,full test set,url_dot_count,URL,2.0,2.0,0.0,0.0,0.1848,0.0077,0.0077,0.0
blur strong,full test set,url_subdomain_count,URL,1.0,1.0,0.0,0.0,-0.9023,-0.0314,-0.0314,0.0
blur strong,full test set,url_hyphen_count,URL,0.0,0.0,0.0,0.0,-0.1048,-0.008,-0.008,0.0
blur strong,full test set,url_digit_count,URL,0.0,0.0,0.0,0.0,0.1287,0.0137,0.0137,0.0
blur strong,full test set,url_special_char_count,URL,1.0,1.0,0.0,0.0,-0.8057,-0.1225,-0.1225,0.0
blur strong,full test set,url_at_count,URL,0.0,0.0,0.0,0.0,0.3679,0.0216,0.0216,0.0
blur strong,full test set,url_question_count,URL,0.0,0.0,0.0,0.0,0.1551,0.0142,0.0142,0.0
blur strong,full test set,url_equals_count,URL,0.0,0.0,0.0,0.0,0.2616,0.0562,0.0562,0.0
blur strong,full test set,url_ampersand_count,URL,0.0,0.0,0.0,0.0,-0.0665,-0.0086,-0.0086,0.0
blur strong,full test set,url_percent_count,URL,0.0,0.0,0.0,0.0,-0.1251,-0.0318,-0.0318,0.0
blur strong,full test set,url_path_depth,URL,2.0,2.0,0.0,0.0,0.7542,0.0218,0.0218,0.0
blur strong,full test set,url_query_param_count,URL,0.0,0.0,0.0,0.0,0.0163,0.0017,0.0017,0.0
blur strong,full test set,url_suspicious_token_count,URL,0.0,0.0,0.0,0.0,0.7683,0.0959,0.0959,0.0
blur strong,full test set,qr_blur_score,QR/image,3612.3178,48.8599,-3571.6098,-16.5558,0.1498,0.0172,-2.4634,-2.4806
blur strong,full test set,qr_dark_component_density,QR/image,0.5722,0.5722,0.0,0.0,-0.0154,-0.0021,-0.0021,0.0
blur strong,full test set,qr_decoded_modules_per_side,QR/image,33.0,33.0,0.0,0.0,0.1697,0.0192,0.0192,0.0
blur strong,full test set,url_digit_ratio,URL,0.0,0.0,0.0,0.0,0.5405,0.0491,0.0491,0.0
blur strong,full test set,url_has_https,URL,0.0,0.0,0.0,0.0,-0.3054,0.0085,0.0085,0.0
blur strong,full test set,url_has_ip,URL,0.0,0.0,0.0,0.0,0.1552,-0.0165,-0.0165,0.0
blur strong,full test set,url_has_punycode,URL,0.0,0.0,0.0,0.0,0.2156,-0.01,-0.01,0.0
blur strong,full test set,url_has_double_slash_path,URL,0.0,0.0,0.0,0.0,0.1996,-0.0142,-0.0142,0.0
blur strong,full test set,url_entropy,URL,4.2,4.2,0.0,0.0,0.3282,0.028,0.028,0.0
blur strong,full test set,url_has_token_login,URL,0.0,0.0,0.0,0.0,0.2351,0.0261,0.0261,0.0
blur strong,full test set,url_has_token_verify,URL,0.0,0.0,0.0,0.0,0.0918,0.0033,0.0033,0.0
blur strong,full test set,url_has_token_account,URL,0.0,0.0,0.0,0.0,-0.1132,-0.0081,-0.0081,0.0
blur strong,full test set,url_has_token_secure,URL,0.0,0.0,0.0,0.0,0.1009,0.0314,0.0314,0.0
blur strong,full test set,url_has_token_update,URL,0.0,0.0,0.0,0.0,0.1327,0.015,0.015,0.0
blur strong,full test set,url_has_token_bank,URL,0.0,0.0,0.0,0.0,-0.0638,-0.0031,-0.0031,0.0
blur strong,full test set,qr_gray_mean,QR/image,0.6651,0.6649,-0.0002,-0.0066,0.0476,-0.0053,-0.0056,-0.0003
blur strong,full test set,qr_gray_std,QR/image,0.4614,0.3919,-0.0691,-10.8467,-0.3015,-0.0288,3.2417,3.2705
blur strong,full test set,qr_dark_ratio,QR/image,0.3318,0.3317,-0.0007,-0.0339,-0.0067,-0.0007,-0.0005,0.0002
blur strong,full test set,qr_edge_density,QR/image,0.0528,0.0656,0.0006,0.6985,0.2095,0.023,0.1694,0.1464
blur strong,full test set,qr_quiet_zone_ratio,QR/image,0.0977,0.0977,0.0,-0.036,-0.1941,0.0206,0.0276,0.007
jpeg q30,full test set,url_length,URL,50.0,50.0,0.0,0.0,-0.1204,-0.0116,-0.0116,0.0
jpeg q30,full test set,url_hostname_length,URL,18.0,18.0,0.0,0.0,0.5398,-0.033,-0.033,0.0
jpeg q30,full test set,url_path_length,URL,20.0,20.0,0.0,0.0,-0.4594,-0.0245,-0.0245,0.0
jpeg q30,full test set,url_query_length,URL,0.0,0.0,0.0,0.0,0.251,0.0274,0.0274,0.0
jpeg q30,full test set,url_dot_count,URL,2.0,2.0,0.0,0.0,0.1848,0.0077,0.0077,0.0
jpeg q30,full test set,url_subdomain_count,URL,1.0,1.0,0.0,0.0,-0.9023,-0.0314,-0.0314,0.0
jpeg q30,full test set,url_hyphen_count,URL,0.0,0.0,0.0,0.0,-0.1048,-0.008,-0.008,0.0
jpeg q30,full test set,url_digit_count,URL,0.0,0.0,0.0,0.0,0.1287,0.0137,0.0137,0.0
jpeg q30,full test set,url_special_char_count,URL,1.0,1.0,0.0,0.0,-0.8057,-0.1225,-0.1225,0.0
jpeg q30,full test set,url_at_count,URL,0.0,0.0,0.0,0.0,0.3679,0.0216,0.0216,0.0
jpeg q30,full test set,url_question_count,URL,0.0,0.0,0.0,0.0,0.1551,0.0142,0.0142,0.0
jpeg q30,full test set,url_equals_count,URL,0.0,0.0,0.0,0.0,0.2616,0.0562,0.0562,0.0
jpeg q30,full test set,url_ampersand_count,URL,0.0,0.0,0.0,0.0,-0.0665,-0.0086,-0.0086,0.0
jpeg q30,full test set,url_percent_count,URL,0.0,0.0,0.0,0.0,-0.1251,-0.0318,-0.0318,0.0
jpeg q30,full test set,url_path_depth,URL,2.0,2.0,0.0,0.0,0.7542,0.0218,0.0218,0.0
jpeg q30,full test set,url_query_param_count,URL,0.0,0.0,0.0,0.0,0.0163,0.0017,0.0017,0.0
jpeg q30,full test set,url_suspicious_token_count,URL,0.0,0.0,0.0,0.0,0.7683,0.0959,0.0959,0.0
jpeg q30,full test set,qr_blur_score,QR/image,3612.3178,3310.1321,-302.0346,-0.3482,0.1498,0.0172,-0.035,-0.0522
jpeg q30,full test set,qr_dark_component_density,QR/image,0.5722,0.5722,0.0,0.0163,-0.0154,-0.0021,-0.0023,-0.0003
jpeg q30,full test set,qr_decoded_modules_per_side,QR/image,33.0,33.0,0.0,0.0,0.1697,0.0192,0.0192,0.0
jpeg q30,full test set,url_digit_ratio,URL,0.0,0.0,0.0,0.0,0.5405,0.0491,0.0491,0.0
jpeg q30,full test set,url_has_https,URL,0.0,0.0,0.0,0.0,-0.3054,0.0085,0.0085,0.0
jpeg q30,full test set,url_has_ip,URL,0.0,0.0,0.0,0.0,0.1552,-0.0165,-0.0165,0.0
jpeg q30,full test set,url_has_punycode,URL,0.0,0.0,0.0,0.0,0.2156,-0.01,-0.01,0.0
jpeg q30,full test set,url_has_double_slash_path,URL,0.0,0.0,0.0,0.0,0.1996,-0.0142,-0.0142,0.0
jpeg q30,full test set,url_entropy,URL,4.2,4.2,0.0,0.0,0.3282,0.028,0.028,0.0
jpeg q30,full test set,url_has_token_login,URL,0.0,0.0,0.0,0.0,0.2351,0.0261,0.0261,0.0
jpeg q30,full test set,url_has_token_verify,URL,0.0,0.0,0.0,0.0,0.0918,0.0033,0.0033,0.0
jpeg q30,full test set,url_has_token_account,URL,0.0,0.0,0.0,0.0,-0.1132,-0.0081,-0.0081,0.0
jpeg q30,full test set,url_has_token_secure,URL,0.0,0.0,0.0,0.0,0.1009,0.0314,0.0314,0.0
jpeg q30,full test set,url_has_token_update,URL,0.0,0.0,0.0,0.0,0.1327,0.015,0.015,0.0
jpeg q30,full test set,url_has_token_bank,URL,0.0,0.0,0.0,0.0,-0.0638,-0.0031,-0.0031,0.0
jpeg q30,full test set,qr_gray_mean,QR/image,0.6651,0.665,-0.0001,-0.0035,0.0476,-0.0053,-0.0055,-0.0002
jpeg q30,full test set,qr_gray_std,QR/image,0.4614,0.4558,-0.0058,-0.9106,-0.3015,-0.0288,0.2458,0.2746
jpeg q30,full test set,qr_dark_ratio,QR/image,0.3318,0.3319,0.0,0.001,-0.0067,-0.0007,-0.0008,-0.0
jpeg q30,full test set,qr_edge_density,QR/image,0.0528,0.0529,0.0,0.003,0.2095,0.023,0.0236,0.0006
jpeg q30,full test set,qr_quiet_zone_ratio,QR/image,0.0977,0.0977,0.0,-0.0299,-0.1941,0.0206,0.0264,0.0058
perspective 10%,full test set,url_length,URL,50.0,50.0,0.0,0.0,-0.1204,-0.0116,-0.0116,0.0
perspective 10%,full test set,url_hostname_length,URL,18.0,18.0,0.0,0.0,0.5398,-0.033,-0.033,0.0
perspective 10%,full test set,url_path_length,URL,20.0,20.0,0.0,0.0,-0.4594,-0.0245,-0.0245,0.0
perspective 10%,full test set,url_query_length,URL,0.0,0.0,0.0,0.0,0.251,0.0274,0.0274,0.0
perspective 10%,full test set,url_dot_count,URL,2.0,2.0,0.0,0.0,0.1848,0.0077,0.0077,0.0
perspective 10%,full test set,url_subdomain_count,URL,1.0,1.0,0.0,0.0,-0.9023,-0.0314,-0.0314,0.0
perspective 10%,full test set,url_hyphen_count,URL,0.0,0.0,0.0,0.0,-0.1048,-0.008,-0.008,0.0
perspective 10%,full test set,url_digit_count,URL,0.0,0.0,0.0,0.0,0.1287,0.0137,0.0137,0.0
perspective 10%,full test set,url_special_char_count,URL,1.0,1.0,0.0,0.0,-0.8057,-0.1225,-0.1225,0.0
perspective 10%,full test set,url_at_count,URL,0.0,0.0,0.0,0.0,0.3679,0.0216,0.0216,0.0
perspective 10%,full test set,url_question_count,URL,0.0,0.0,0.0,0.0,0.1551,0.0142,0.0142,0.0
perspective 10%,full test set,url_equals_count,URL,0.0,0.0,0.0,0.0,0.2616,0.0562,0.0562,0.0
perspective 10%,full test set,url_ampersand_count,URL,0.0,0.0,0.0,0.0,-0.0665,-0.0086,-0.0086,0.0
perspective 10%,full test set,url_percent_count,URL,0.0,0.0,0.0,0.0,-0.1251,-0.0318,-0.0318,0.0
perspective 10%,full test set,url_path_depth,URL,2.0,2.0,0.0,0.0,0.7542,0.0218,0.0218,0.0
perspective 10%,full test set,url_query_param_count,URL,0.0,0.0,0.0,0.0,0.0163,0.0017,0.0017,0.0
perspective 10%,full test set,url_suspicious_token_count,URL,0.0,0.0,0.0,0.0,0.7683,0.0959,0.0959,0.0
perspective 10%,full test set,qr_blur_score,QR/image,3612.3178,1843.4357,-1769.9234,-2.6376,0.1498,0.0172,-0.378,-0.3952
perspective 10%,full test set,qr_dark_component_density,QR/image,0.5722,0.5722,0.0,0.1086,-0.0154,-0.0021,-0.0038,-0.0017
perspective 10%,full test set,qr_decoded_modules_per_side,QR/image,33.0,33.0,0.0,0.0,0.1697,0.0192,0.0192,0.0
perspective 10%,full test set,url_digit_ratio,URL,0.0,0.0,0.0,0.0,0.5405,0.0491,0.0491,0.0
perspective 10%,full test set,url_has_https,URL,0.0,0.0,0.0,0.0,-0.3054,0.0085,0.0085,0.0
perspective 10%,full test set,url_has_ip,URL,0.0,0.0,0.0,0.0,0.1552,-0.0165,-0.0165,0.0
perspective 10%,full test set,url_has_punycode,URL,0.0,0.0,0.0,0.0,0.2156,-0.01,-0.01,0.0
perspective 10%,full test set,url_has_double_slash_path,URL,0.0,0.0,0.0,0.0,0.1996,-0.0142,-0.0142,0.0
perspective 10%,full test set,url_entropy,URL,4.2,4.2,0.0,0.0,0.3282,0.028,0.028,0.0
perspective 10%,full test set,url_has_token_login,URL,0.0,0.0,0.0,0.0,0.2351,0.0261,0.0261,0.0
perspective 10%,full test set,url_has_token_verify,URL,0.0,0.0,0.0,0.0,0.0918,0.0033,0.0033,0.0
perspective 10%,full test set,url_has_token_account,URL,0.0,0.0,0.0,0.0,-0.1132,-0.0081,-0.0081,0.0
perspective 10%,full test set,url_has_token_secure,URL,0.0,0.0,0.0,0.0,0.1009,0.0314,0.0314,0.0
perspective 10%,full test set,url_has_token_update,URL,0.0,0.0,0.0,0.0,0.1327,0.015,0.015,0.0
perspective 10%,full test set,url_has_token_bank,URL,0.0,0.0,0.0,0.0,-0.0638,-0.0031,-0.0031,0.0
perspective 10%,full test set,qr_gray_mean,QR/image,0.6651,0.7013,0.0359,1.4316,0.0476,-0.0053,0.0628,0.0682
perspective 10%,full test set,qr_gray_std,QR/image,0.4614,0.4396,-0.0219,-3.4091,-0.3015,-0.0288,0.9991,1.0279
perspective 10%,full test set,qr_dark_ratio,QR/image,0.3318,0.2985,-0.0357,-1.5086,-0.0067,-0.0007,0.0094,0.0102
perspective 10%,full test set,qr_edge_density,QR/image,0.0528,0.0501,-0.0027,-0.1916,0.2095,0.023,-0.0172,-0.0402
perspective 10%,full test set,qr_quiet_zone_ratio,QR/image,0.0977,0.0801,-0.0176,-1.1688,-0.1941,0.0206,0.2474,0.2269
rotation +5,full test set,url_length,URL,50.0,50.0,0.0,0.0,-0.1204,-0.0116,-0.0116,0.0
rotation +5,full test set,url_hostname_length,URL,18.0,18.0,0.0,0.0,0.5398,-0.033,-0.033,0.0
rotation +5,full test set,url_path_length,URL,20.0,20.0,0.0,0.0,-0.4594,-0.0245,-0.0245,0.0
rotation +5,full test set,url_query_length,URL,0.0,0.0,0.0,0.0,0.251,0.0274,0.0274,0.0
rotation +5,full test set,url_dot_count,URL,2.0,2.0,0.0,0.0,0.1848,0.0077,0.0077,0.0
rotation +5,full test set,url_subdomain_count,URL,1.0,1.0,0.0,0.0,-0.9023,-0.0314,-0.0314,0.0
rotation +5,full test set,url_hyphen_count,URL,0.0,0.0,0.0,0.0,-0.1048,-0.008,-0.008,0.0
rotation +5,full test set,url_digit_count,URL,0.0,0.0,0.0,0.0,0.1287,0.0137,0.0137,0.0
rotation +5,full test set,url_special_char_count,URL,1.0,1.0,0.0,0.0,-0.8057,-0.1225,-0.1225,0.0
rotation +5,full test set,url_at_count,URL,0.0,0.0,0.0,0.0,0.3679,0.0216,0.0216,0.0
rotation +5,full test set,url_question_count,URL,0.0,0.0,0.0,0.0,0.1551,0.0142,0.0142,0.0
rotation +5,full test set,url_equals_count,URL,0.0,0.0,0.0,0.0,0.2616,0.0562,0.0562,0.0
rotation +5,full test set,url_ampersand_count,URL,0.0,0.0,0.0,0.0,-0.0665,-0.0086,-0.0086,0.0
rotation +5,full test set,url_percent_count,URL,0.0,0.0,0.0,0.0,-0.1251,-0.0318,-0.0318,0.0
rotation +5,full test set,url_path_depth,URL,2.0,2.0,0.0,0.0,0.7542,0.0218,0.0218,0.0
rotation +5,full test set,url_query_param_count,URL,0.0,0.0,0.0,0.0,0.0163,0.0017,0.0017,0.0
rotation +5,full test set,url_suspicious_token_count,URL,0.0,0.0,0.0,0.0,0.7683,0.0959,0.0959,0.0
rotation +5,full test set,qr_blur_score,QR/image,3612.3178,1746.6537,-1848.4917,-2.7712,0.1498,0.0172,-0.398,-0.4152
rotation +5,full test set,qr_dark_component_density,QR/image,0.5722,0.6104,0.0381,0.1819,-0.0154,-0.0021,-0.0049,-0.0028
rotation +5,full test set,qr_decoded_modules_per_side,QR/image,33.0,33.0,0.0,0.0,0.1697,0.0192,0.0192,0.0
rotation +5,full test set,url_digit_ratio,URL,0.0,0.0,0.0,0.0,0.5405,0.0491,0.0491,0.0
rotation +5,full test set,url_has_https,URL,0.0,0.0,0.0,0.0,-0.3054,0.0085,0.0085,0.0
rotation +5,full test set,url_has_ip,URL,0.0,0.0,0.0,0.0,0.1552,-0.0165,-0.0165,0.0
rotation +5,full test set,url_has_punycode,URL,0.0,0.0,0.0,0.0,0.2156,-0.01,-0.01,0.0
rotation +5,full test set,url_has_double_slash_path,URL,0.0,0.0,0.0,0.0,0.1996,-0.0142,-0.0142,0.0
rotation +5,full test set,url_entropy,URL,4.2,4.2,0.0,0.0,0.3282,0.028,0.028,0.0
rotation +5,full test set,url_has_token_login,URL,0.0,0.0,0.0,0.0,0.2351,0.0261,0.0261,0.0
rotation +5,full test set,url_has_token_verify,URL,0.0,0.0,0.0,0.0,0.0918,0.0033,0.0033,0.0
rotation +5,full test set,url_has_token_account,URL,0.0,0.0,0.0,0.0,-0.1132,-0.0081,-0.0081,0.0
rotation +5,full test set,url_has_token_secure,URL,0.0,0.0,0.0,0.0,0.1009,0.0314,0.0314,0.0
rotation +5,full test set,url_has_token_update,URL,0.0,0.0,0.0,0.0,0.1327,0.015,0.015,0.0
rotation +5,full test set,url_has_token_bank,URL,0.0,0.0,0.0,0.0,-0.0638,-0.0031,-0.0031,0.0
rotation +5,full test set,qr_gray_mean,QR/image,0.6651,0.7157,0.0504,1.9854,0.0476,-0.0053,0.0892,0.0945
rotation +5,full test set,qr_gray_std,QR/image,0.4614,0.4339,-0.0279,-4.3025,-0.3015,-0.0288,1.2685,1.2973
rotation +5,full test set,qr_dark_ratio,QR/image,0.3318,0.2844,-0.0489,-2.0812,-0.0067,-0.0007,0.0133,0.014
rotation +5,full test set,qr_edge_density,QR/image,0.0528,0.0488,-0.004,-0.2753,0.2095,0.023,-0.0347,-0.0577
rotation +5,full test set,qr_quiet_zone_ratio,QR/image,0.0977,0.0977,0.0,0.0217,-0.1941,0.0206,0.0164,-0.0042
rotation +15,full test set,url_length,URL,50.0,50.0,0.0,0.0,-0.1204,-0.0116,-0.0116,0.0
rotation +15,full test set,url_hostname_length,URL,18.0,18.0,0.0,0.0,0.5398,-0.033,-0.033,0.0
rotation +15,full test set,url_path_length,URL,20.0,20.0,0.0,0.0,-0.4594,-0.0245,-0.0245,0.0
rotation +15,full test set,url_query_length,URL,0.0,0.0,0.0,0.0,0.251,0.0274,0.0274,0.0
rotation +15,full test set,url_dot_count,URL,2.0,2.0,0.0,0.0,0.1848,0.0077,0.0077,0.0
rotation +15,full test set,url_subdomain_count,URL,1.0,1.0,0.0,0.0,-0.9023,-0.0314,-0.0314,0.0
rotation +15,full test set,url_hyphen_count,URL,0.0,0.0,0.0,0.0,-0.1048,-0.008,-0.008,0.0
rotation +15,full test set,url_digit_count,URL,0.0,0.0,0.0,0.0,0.1287,0.0137,0.0137,0.0
rotation +15,full test set,url_special_char_count,URL,1.0,1.0,0.0,0.0,-0.8057,-0.1225,-0.1225,0.0
rotation +15,full test set,url_at_count,URL,0.0,0.0,0.0,0.0,0.3679,0.0216,0.0216,0.0
rotation +15,full test set,url_question_count,URL,0.0,0.0,0.0,0.0,0.1551,0.0142,0.0142,0.0
rotation +15,full test set,url_equals_count,URL,0.0,0.0,0.0,0.0,0.2616,0.0562,0.0562,0.0
rotation +15,full test set,url_ampersand_count,URL,0.0,0.0,0.0,0.0,-0.0665,-0.0086,-0.0086,0.0
rotation +15,full test set,url_percent_count,URL,0.0,0.0,0.0,0.0,-0.1251,-0.0318,-0.0318,0.0
rotation +15,full test set,url_path_depth,URL,2.0,2.0,0.0,0.0,0.7542,0.0218,0.0218,0.0
rotation +15,full test set,url_query_param_count,URL,0.0,0.0,0.0,0.0,0.0163,0.0017,0.0017,0.0
rotation +15,full test set,url_suspicious_token_count,URL,0.0,0.0,0.0,0.0,0.7683,0.0959,0.0959,0.0
rotation +15,full test set,qr_blur_score,QR/image,3612.3178,1771.569,-1830.365,-2.7686,0.1498,0.0172,-0.3977,-0.4148
rotation +15,full test set,qr_dark_component_density,QR/image,0.5722,0.7629,0.1907,1.0089,-0.0154,-0.0021,-0.0176,-0.0155
rotation +15,full test set,qr_decoded_modules_per_side,QR/image,33.0,33.0,0.0,0.0,0.1697,0.0192,0.0192,0.0
rotation +15,full test set,url_digit_ratio,URL,0.0,0.0,0.0,0.0,0.5405,0.0491,0.0491,0.0
rotation +15,full test set,url_has_https,URL,0.0,0.0,0.0,0.0,-0.3054,0.0085,0.0085,0.0
rotation +15,full test set,url_has_ip,URL,0.0,0.0,0.0,0.0,0.1552,-0.0165,-0.0165,0.0
rotation +15,full test set,url_has_punycode,URL,0.0,0.0,0.0,0.0,0.2156,-0.01,-0.01,0.0
rotation +15,full test set,url_has_double_slash_path,URL,0.0,0.0,0.0,0.0,0.1996,-0.0142,-0.0142,0.0
rotation +15,full test set,url_entropy,URL,4.2,4.2,0.0,0.0,0.3282,0.028,0.028,0.0
rotation +15,full test set,url_has_token_login,URL,0.0,0.0,0.0,0.0,0.2351,0.0261,0.0261,0.0
rotation +15,full test set,url_has_token_verify,URL,0.0,0.0,0.0,0.0,0.0918,0.0033,0.0033,0.0
rotation +15,full test set,url_has_token_account,URL,0.0,0.0,0.0,0.0,-0.1132,-0.0081,-0.0081,0.0
rotation +15,full test set,url_has_token_secure,URL,0.0,0.0,0.0,0.0,0.1009,0.0314,0.0314,0.0
rotation +15,full test set,url_has_token_update,URL,0.0,0.0,0.0,0.0,0.1327,0.015,0.015,0.0
rotation +15,full test set,url_has_token_bank,URL,0.0,0.0,0.0,0.0,-0.0638,-0.0031,-0.0031,0.0
rotation +15,full test set,qr_gray_mean,QR/image,0.6651,0.7774,0.1124,4.4487,0.0476,-0.0053,0.2065,0.2118
rotation +15,full test set,qr_gray_std,QR/image,0.4614,0.4006,-0.0612,-9.5393,-0.3015,-0.0288,2.8475,2.8763
rotation +15,full test set,qr_dark_ratio,QR/image,0.3318,0.2224,-0.1102,-4.6961,-0.0067,-0.0007,0.0309,0.0317
rotation +15,full test set,qr_edge_density,QR/image,0.0528,0.0422,-0.0106,-0.7199,0.2095,0.023,-0.1278,-0.1508
rotation +15,full test set,qr_quiet_zone_ratio,QR/image,0.0977,0.0996,0.0,0.0621,-0.1941,0.0206,0.0085,-0.012
pad_like_rot15 (control),full test set,url_length,URL,50.0,50.0,0.0,0.0,-0.1204,-0.0116,-0.0116,0.0
pad_like_rot15 (control),full test set,url_hostname_length,URL,18.0,18.0,0.0,0.0,0.5398,-0.033,-0.033,0.0
pad_like_rot15 (control),full test set,url_path_length,URL,20.0,20.0,0.0,0.0,-0.4594,-0.0245,-0.0245,0.0
pad_like_rot15 (control),full test set,url_query_length,URL,0.0,0.0,0.0,0.0,0.251,0.0274,0.0274,0.0
pad_like_rot15 (control),full test set,url_dot_count,URL,2.0,2.0,0.0,0.0,0.1848,0.0077,0.0077,0.0
pad_like_rot15 (control),full test set,url_subdomain_count,URL,1.0,1.0,0.0,0.0,-0.9023,-0.0314,-0.0314,0.0
pad_like_rot15 (control),full test set,url_hyphen_count,URL,0.0,0.0,0.0,0.0,-0.1048,-0.008,-0.008,0.0
pad_like_rot15 (control),full test set,url_digit_count,URL,0.0,0.0,0.0,0.0,0.1287,0.0137,0.0137,0.0
pad_like_rot15 (control),full test set,url_special_char_count,URL,1.0,1.0,0.0,0.0,-0.8057,-0.1225,-0.1225,0.0
pad_like_rot15 (control),full test set,url_at_count,URL,0.0,0.0,0.0,0.0,0.3679,0.0216,0.0216,0.0
pad_like_rot15 (control),full test set,url_question_count,URL,0.0,0.0,0.0,0.0,0.1551,0.0142,0.0142,0.0
pad_like_rot15 (control),full test set,url_equals_count,URL,0.0,0.0,0.0,0.0,0.2616,0.0562,0.0562,0.0
pad_like_rot15 (control),full test set,url_ampersand_count,URL,0.0,0.0,0.0,0.0,-0.0665,-0.0086,-0.0086,0.0
pad_like_rot15 (control),full test set,url_percent_count,URL,0.0,0.0,0.0,0.0,-0.1251,-0.0318,-0.0318,0.0
pad_like_rot15 (control),full test set,url_path_depth,URL,2.0,2.0,0.0,0.0,0.7542,0.0218,0.0218,0.0
pad_like_rot15 (control),full test set,url_query_param_count,URL,0.0,0.0,0.0,0.0,0.0163,0.0017,0.0017,0.0
pad_like_rot15 (control),full test set,url_suspicious_token_count,URL,0.0,0.0,0.0,0.0,0.7683,0.0959,0.0959,0.0
pad_like_rot15 (control),full test set,qr_blur_score,QR/image,3612.3178,2951.6821,-650.0197,-0.794,0.1498,0.0172,-0.1018,-0.119
pad_like_rot15 (control),full test set,qr_dark_component_density,QR/image,0.5722,0.5722,0.0,0.0,-0.0154,-0.0021,-0.0021,0.0
pad_like_rot15 (control),full test set,qr_decoded_modules_per_side,QR/image,33.0,33.0,0.0,0.0,0.1697,0.0192,0.0192,0.0
pad_like_rot15 (control),full test set,url_digit_ratio,URL,0.0,0.0,0.0,0.0,0.5405,0.0491,0.0491,0.0
pad_like_rot15 (control),full test set,url_has_https,URL,0.0,0.0,0.0,0.0,-0.3054,0.0085,0.0085,0.0
pad_like_rot15 (control),full test set,url_has_ip,URL,0.0,0.0,0.0,0.0,0.1552,-0.0165,-0.0165,0.0
pad_like_rot15 (control),full test set,url_has_punycode,URL,0.0,0.0,0.0,0.0,0.2156,-0.01,-0.01,0.0
pad_like_rot15 (control),full test set,url_has_double_slash_path,URL,0.0,0.0,0.0,0.0,0.1996,-0.0142,-0.0142,0.0
pad_like_rot15 (control),full test set,url_entropy,URL,4.2,4.2,0.0,0.0,0.3282,0.028,0.028,0.0
pad_like_rot15 (control),full test set,url_has_token_login,URL,0.0,0.0,0.0,0.0,0.2351,0.0261,0.0261,0.0
pad_like_rot15 (control),full test set,url_has_token_verify,URL,0.0,0.0,0.0,0.0,0.0918,0.0033,0.0033,0.0
pad_like_rot15 (control),full test set,url_has_token_account,URL,0.0,0.0,0.0,0.0,-0.1132,-0.0081,-0.0081,0.0
pad_like_rot15 (control),full test set,url_has_token_secure,URL,0.0,0.0,0.0,0.0,0.1009,0.0314,0.0314,0.0
pad_like_rot15 (control),full test set,url_has_token_update,URL,0.0,0.0,0.0,0.0,0.1327,0.015,0.015,0.0
pad_like_rot15 (control),full test set,url_has_token_bank,URL,0.0,0.0,0.0,0.0,-0.0638,-0.0031,-0.0031,0.0
pad_like_rot15 (control),full test set,qr_gray_mean,QR/image,0.6651,0.7775,0.1124,4.4491,0.0476,-0.0053,0.2065,0.2118
pad_like_rot15 (control),full test set,qr_gray_std,QR/image,0.4614,0.4066,-0.0553,-8.6278,-0.3015,-0.0288,2.5727,2.6015
pad_like_rot15 (control),full test set,qr_dark_ratio,QR/image,0.3318,0.2212,-0.1106,-4.6919,-0.0067,-0.0007,0.0309,0.0317
pad_like_rot15 (control),full test set,qr_edge_density,QR/image,0.0528,0.0428,-0.01,-0.6774,0.2095,0.023,-0.1189,-0.1419
pad_like_rot15 (control),full test set,qr_quiet_zone_ratio,QR/image,0.0977,0.1719,0.0742,4.9061,-0.1941,0.0206,-0.9317,-0.9522
low-res mild,full test set,url_length,URL,50.0,50.0,0.0,0.0,-0.1204,-0.0116,-0.0116,0.0
low-res mild,full test set,url_hostname_length,URL,18.0,18.0,0.0,0.0,0.5398,-0.033,-0.033,0.0
low-res mild,full test set,url_path_length,URL,20.0,20.0,0.0,0.0,-0.4594,-0.0245,-0.0245,0.0
low-res mild,full test set,url_query_length,URL,0.0,0.0,0.0,0.0,0.251,0.0274,0.0274,0.0
low-res mild,full test set,url_dot_count,URL,2.0,2.0,0.0,0.0,0.1848,0.0077,0.0077,0.0
low-res mild,full test set,url_subdomain_count,URL,1.0,1.0,0.0,0.0,-0.9023,-0.0314,-0.0314,0.0
low-res mild,full test set,url_hyphen_count,URL,0.0,0.0,0.0,0.0,-0.1048,-0.008,-0.008,0.0
low-res mild,full test set,url_digit_count,URL,0.0,0.0,0.0,0.0,0.1287,0.0137,0.0137,0.0
low-res mild,full test set,url_special_char_count,URL,1.0,1.0,0.0,0.0,-0.8057,-0.1225,-0.1225,0.0
low-res mild,full test set,url_at_count,URL,0.0,0.0,0.0,0.0,0.3679,0.0216,0.0216,0.0
low-res mild,full test set,url_question_count,URL,0.0,0.0,0.0,0.0,0.1551,0.0142,0.0142,0.0
low-res mild,full test set,url_equals_count,URL,0.0,0.0,0.0,0.0,0.2616,0.0562,0.0562,0.0
low-res mild,full test set,url_ampersand_count,URL,0.0,0.0,0.0,0.0,-0.0665,-0.0086,-0.0086,0.0
low-res mild,full test set,url_percent_count,URL,0.0,0.0,0.0,0.0,-0.1251,-0.0318,-0.0318,0.0
low-res mild,full test set,url_path_depth,URL,2.0,2.0,0.0,0.0,0.7542,0.0218,0.0218,0.0
low-res mild,full test set,url_query_param_count,URL,0.0,0.0,0.0,0.0,0.0163,0.0017,0.0017,0.0
low-res mild,full test set,url_suspicious_token_count,URL,0.0,0.0,0.0,0.0,0.7683,0.0959,0.0959,0.0
low-res mild,full test set,qr_blur_score,QR/image,3612.3178,3612.3178,0.0,0.0,0.1498,0.0172,0.0172,0.0
low-res mild,full test set,qr_dark_component_density,QR/image,0.5722,0.5722,0.0,0.0,-0.0154,-0.0021,-0.0021,0.0
low-res mild,full test set,qr_decoded_modules_per_side,QR/image,33.0,33.0,0.0,0.0,0.1697,0.0192,0.0192,0.0
low-res mild,full test set,url_digit_ratio,URL,0.0,0.0,0.0,0.0,0.5405,0.0491,0.0491,0.0
low-res mild,full test set,url_has_https,URL,0.0,0.0,0.0,0.0,-0.3054,0.0085,0.0085,0.0
low-res mild,full test set,url_has_ip,URL,0.0,0.0,0.0,0.0,0.1552,-0.0165,-0.0165,0.0
low-res mild,full test set,url_has_punycode,URL,0.0,0.0,0.0,0.0,0.2156,-0.01,-0.01,0.0
low-res mild,full test set,url_has_double_slash_path,URL,0.0,0.0,0.0,0.0,0.1996,-0.0142,-0.0142,0.0
low-res mild,full test set,url_entropy,URL,4.2,4.2,0.0,0.0,0.3282,0.028,0.028,0.0
low-res mild,full test set,url_has_token_login,URL,0.0,0.0,0.0,0.0,0.2351,0.0261,0.0261,0.0
low-res mild,full test set,url_has_token_verify,URL,0.0,0.0,0.0,0.0,0.0918,0.0033,0.0033,0.0
low-res mild,full test set,url_has_token_account,URL,0.0,0.0,0.0,0.0,-0.1132,-0.0081,-0.0081,0.0
low-res mild,full test set,url_has_token_secure,URL,0.0,0.0,0.0,0.0,0.1009,0.0314,0.0314,0.0
low-res mild,full test set,url_has_token_update,URL,0.0,0.0,0.0,0.0,0.1327,0.015,0.015,0.0
low-res mild,full test set,url_has_token_bank,URL,0.0,0.0,0.0,0.0,-0.0638,-0.0031,-0.0031,0.0
low-res mild,full test set,qr_gray_mean,QR/image,0.6651,0.6651,0.0,0.0,0.0476,-0.0053,-0.0053,0.0
low-res mild,full test set,qr_gray_std,QR/image,0.4614,0.4614,0.0,0.0,-0.3015,-0.0288,-0.0288,0.0
low-res mild,full test set,qr_dark_ratio,QR/image,0.3318,0.3318,0.0,0.0,-0.0067,-0.0007,-0.0007,0.0
low-res mild,full test set,qr_edge_density,QR/image,0.0528,0.0528,0.0,0.0,0.2095,0.023,0.023,0.0
low-res mild,full test set,qr_quiet_zone_ratio,QR/image,0.0977,0.0977,0.0,0.0,-0.1941,0.0206,0.0206,0.0
low-res strong,"survivor subset (86/300, paired)",url_length,URL,33.5,33.5,0.0,0.0,-0.1204,0.0625,0.0625,0.0
low-res strong,"survivor subset (86/300, paired)",url_hostname_length,URL,16.5,16.5,0.0,0.0,0.5398,-0.1306,-0.1306,0.0
low-res strong,"survivor subset (86/300, paired)",url_path_length,URL,3.5,3.5,0.0,0.0,-0.4594,0.2476,0.2476,0.0
low-res strong,"survivor subset (86/300, paired)",url_query_length,URL,0.0,0.0,0.0,0.0,0.251,-0.0291,-0.0291,0.0
low-res strong,"survivor subset (86/300, paired)",url_dot_count,URL,2.0,2.0,0.0,0.0,0.1848,-0.0569,-0.0569,0.0
low-res strong,"survivor subset (86/300, paired)",url_subdomain_count,URL,1.0,1.0,0.0,0.0,-0.9023,0.1454,0.1454,0.0
low-res strong,"survivor subset (86/300, paired)",url_hyphen_count,URL,0.0,0.0,0.0,0.0,-0.1048,0.0166,0.0166,0.0
low-res strong,"survivor subset (86/300, paired)",url_digit_count,URL,0.0,0.0,0.0,0.0,0.1287,-0.0466,-0.0466,0.0
low-res strong,"survivor subset (86/300, paired)",url_special_char_count,URL,0.0,0.0,0.0,0.0,-0.8057,0.1451,0.1451,0.0
low-res strong,"survivor subset (86/300, paired)",url_at_count,URL,0.0,0.0,0.0,0.0,0.3679,0.0052,0.0052,0.0
low-res strong,"survivor subset (86/300, paired)",url_question_count,URL,0.0,0.0,0.0,0.0,0.1551,-0.0114,-0.0114,0.0
low-res strong,"survivor subset (86/300, paired)",url_equals_count,URL,0.0,0.0,0.0,0.0,0.2616,-0.0102,-0.0102,0.0
low-res strong,"survivor subset (86/300, paired)",url_ampersand_count,URL,0.0,0.0,0.0,0.0,-0.0665,0.003,0.003,0.0
low-res strong,"survivor subset (86/300, paired)",url_percent_count,URL,0.0,0.0,0.0,0.0,-0.1251,0.0062,0.0062,0.0
low-res strong,"survivor subset (86/300, paired)",url_path_depth,URL,1.0,1.0,0.0,0.0,0.7542,-0.4117,-0.4117,0.0
low-res strong,"survivor subset (86/300, paired)",url_query_param_count,URL,0.0,0.0,0.0,0.0,0.0163,-0.0016,-0.0016,0.0
low-res strong,"survivor subset (86/300, paired)",url_suspicious_token_count,URL,0.0,0.0,0.0,0.0,0.7683,-0.1132,-0.1132,0.0
low-res strong,"survivor subset (86/300, paired)",qr_blur_score,QR/image,3125.618,1480.5171,-1540.5846,-2.6326,0.1498,-0.0703,-0.4647,-0.3944
low-res strong,"survivor subset (86/300, paired)",qr_dark_component_density,QR/image,0.5341,0.5341,0.0,0.0,-0.0154,0.0027,0.0027,0.0
low-res strong,"survivor subset (86/300, paired)",qr_decoded_modules_per_side,QR/image,29.0,29.0,0.0,0.0,0.1697,-0.0786,-0.0786,0.0
low-res strong,"survivor subset (86/300, paired)",url_digit_ratio,URL,0.0,0.0,0.0,0.0,0.5405,-0.1318,-0.1318,0.0
low-res strong,"survivor subset (86/300, paired)",url_has_https,URL,0.0,0.0,0.0,0.0,-0.3054,0.0145,0.0145,0.0
low-res strong,"survivor subset (86/300, paired)",url_has_ip,URL,0.0,0.0,0.0,0.0,0.1552,-0.0205,-0.0205,0.0
low-res strong,"survivor subset (86/300, paired)",url_has_punycode,URL,0.0,0.0,0.0,0.0,0.2156,-0.01,-0.01,0.0
low-res strong,"survivor subset (86/300, paired)",url_has_double_slash_path,URL,0.0,0.0,0.0,0.0,0.1996,-0.0142,-0.0142,0.0
low-res strong,"survivor subset (86/300, paired)",url_entropy,URL,4.0318,4.0318,0.0,0.0,0.3282,-0.1509,-0.1509,0.0
low-res strong,"survivor subset (86/300, paired)",url_has_token_login,URL,0.0,0.0,0.0,0.0,0.2351,-0.0409,-0.0409,0.0
low-res strong,"survivor subset (86/300, paired)",url_has_token_verify,URL,0.0,0.0,0.0,0.0,0.0918,-0.006,-0.006,0.0
low-res strong,"survivor subset (86/300, paired)",url_has_token_account,URL,0.0,0.0,0.0,0.0,-0.1132,0.0068,0.0068,0.0
low-res strong,"survivor subset (86/300, paired)",url_has_token_secure,URL,0.0,0.0,0.0,0.0,0.1009,0.0054,0.0054,0.0
low-res strong,"survivor subset (86/300, paired)",url_has_token_update,URL,0.0,0.0,0.0,0.0,0.1327,0.0071,0.0071,0.0
low-res strong,"survivor subset (86/300, paired)",url_has_token_bank,URL,0.0,0.0,0.0,0.0,-0.0638,-0.0071,-0.0071,0.0
low-res strong,"survivor subset (86/300, paired)",qr_gray_mean,QR/image,0.685,0.6864,0.0004,0.0281,0.0476,0.0217,0.023,0.0013
low-res strong,"survivor subset (86/300, paired)",qr_gray_std,QR/image,0.4571,0.383,-0.074,-11.6578,-0.3015,0.133,3.648,3.5151
low-res strong,"survivor subset (86/300, paired)",qr_dark_ratio,QR/image,0.3182,0.2917,-0.0246,-1.0669,-0.0067,0.003,0.0101,0.0072
low-res strong,"survivor subset (86/300, paired)",qr_edge_density,QR/image,0.0452,0.0746,0.0293,1.9784,0.2095,-0.0864,0.3281,0.4145
low-res strong,"survivor subset (86/300, paired)",qr_quiet_zone_ratio,QR/image,0.1074,0.1074,0.0,-0.0167,-0.1941,-0.0944,-0.0912,0.0032
