error,original_qr_id,E3_fusion_score,url_length,url_suspicious_token_count,url_has_https,url_subdomain_count,url_path_depth,url_TEXT_ONLY_do_not_open,your_category
false_positive,Q01801,0.9993085621015056,550,1,1,1,3,https://login.microsoftonline.com/aa687de1-52b4-4b91-9b35-794eba4fd892/oauth2/authorize?client_id=00000003-0000-0ff1-ce00-000000000000&response_mode=form_post&response_type=code%20id_token&resource=00000003-0000-0ff1-ce00-000000000000&scope=openid&nonce=F8E39448E7F455909658C6541B1D4188B5AF5FF41A82B0C7-76F2FDDAB526860B987CC05525FB5D9EF62A21217264DAAAEC8765DBF0C7B204&redirect_uri=https:%2F%2Fossm-my.sharepoint.com%2F_forms%2Fdefault.aspx&wsucxt=1&cobrandid=11bd8083-87e0-41b5-bb78-0bc43c8a8e8a&client-request-id=be6a829e-c01e-6000-e679-24fcba0302ac,
false_positive,Q00268,0.8955069320316879,49,1,0,0,2,http://animaldiversity.org/accounts/Mus_musculus/,
false_positive,Q01411,0.7881603375513812,55,0,0,1,6,http://www.wordstream.com/blog/ws/2015/04/30/seo-basics,
false_positive,Q01078,0.7842734599710337,78,0,0,1,4,http://www.sciencebuddies.org/Files/2081/5/PopsicleBridgeBlueprint_smaller.pdf,
false_positive,Q01373,0.7636530965464051,45,0,0,0,3,http://fsymbols.com/keyboard/windows/layouts/,
false_positive,Q01485,0.753324298106906,26,0,0,0,0,http://doshkolenok.kiev.ua,
false_positive,Q01972,0.7347706881445575,26,0,0,0,0,http://ccmservicios.com.mx,
false_positive,Q00467,0.7259286610162714,27,0,0,0,0,http://restaurantnatsumi.nl,
false_positive,Q00118,0.7147359961686977,49,0,0,1,1,http://computer.howstuffworks.com/bittorrent1.htm,
false_positive,Q00966,0.71411997410507,42,0,0,1,3,http://www.rondebruin.nl/win/s6/win001.htm,
false_negative,Q01113,0.10403983927122538,48,0,0,3,0,http://wms.santander.com-mx-servicio.tenetmx.com,
false_negative,Q00971,0.12710347331964733,42,0,0,2,0,http://apple.com.services-and-support.com/,
false_negative,Q01366,0.15336707582655015,20,0,0,1,0,http://www.taalim.ma,
false_negative,Q00136,0.17752127420884892,43,0,0,3,0,http://appleid.apple.com-sign.kvhw8ma.work/,
false_negative,Q00929,0.17763032635065065,22,0,0,1,0,http://sges.jigsy.com/,
false_negative,Q00752,0.188167502124315,34,0,1,1,0,https://domwin-pjf2hfmn.github.io/,
false_negative,Q00038,0.20719631367167224,40,0,1,1,0,https://amazon-support.nijiyamarket.com/,
false_negative,Q00859,0.21294862140835485,48,0,0,4,0,http://snprobbx.pbz.r.uk.a2ip.ru/?_fb_noscript=1,
false_negative,Q00434,0.22703080900954786,25,0,0,1,0,http://es.monclershop.top,
false_negative,Q01863,0.23256957716917864,34,0,1,1,0,https://react-ba2roi.stackblitz.io,
