model,threshold_view,threshold,accuracy,precision,recall_malicious,f1,fpr,tp,fp,tn,fn,roc_auc,brier
M1_length_only,primary,0.421603,0.5,0.5,0.8241,0.6224,0.8241,89,89,19,19,0.4971,0.2596
M1_length_only,f1_optimal,0.421603,0.5,0.5,0.8241,0.6224,0.8241,89,89,19,19,0.4971,0.2596
M1_length_only,fixed_0.50,0.5,0.4722,0.475,0.5278,0.5,0.5833,57,63,45,51,0.4971,0.2596
M1_plus_QR,primary,0.304425,0.4954,0.4975,0.9259,0.6472,0.9352,100,101,7,8,0.5253,0.2631
M1_plus_QR,f1_optimal,0.304425,0.4954,0.4975,0.9259,0.6472,0.9352,100,101,7,8,0.5253,0.2631
M1_plus_QR,fixed_0.50,0.5,0.5509,0.544,0.6296,0.5837,0.5278,68,57,51,40,0.5253,0.2631
E1_url_only,primary,0.489756,0.7778,0.8191,0.713,0.7624,0.1574,77,17,91,31,0.8502,0.1611
E1_url_only,f1_optimal,0.489756,0.7778,0.8191,0.713,0.7624,0.1574,77,17,91,31,0.8502,0.1611
E1_url_only,fixed_0.50,0.5,0.7593,0.8111,0.6759,0.7374,0.1574,73,17,91,35,0.8502,0.1611
E2_qr_only,primary,0.301628,0.5,0.5,0.9259,0.6494,0.9259,100,100,8,8,0.5273,0.2623
E2_qr_only,f1_optimal,0.301628,0.5,0.5,0.9259,0.6494,0.9259,100,100,8,8,0.5273,0.2623
E2_qr_only,fixed_0.50,0.5,0.5694,0.561,0.6389,0.5974,0.5,69,54,54,39,0.5273,0.2623
E3_fusion,primary,0.463022,0.7593,0.78,0.7222,0.75,0.2037,78,22,86,30,0.8421,0.1646
E3_fusion,f1_optimal,0.463022,0.7593,0.78,0.7222,0.75,0.2037,78,22,86,30,0.8421,0.1646
E3_fusion,fixed_0.50,0.5,0.7639,0.8065,0.6944,0.7463,0.1667,75,18,90,33,0.8421,0.1646
E3_reducedQR,primary,0.282025,0.7269,0.6763,0.8704,0.7611,0.4167,94,45,63,14,0.8494,0.1625
E3_reducedQR,f1_optimal,0.49604,0.75,0.7872,0.6852,0.7327,0.1852,74,20,88,34,0.8494,0.1625
E3_reducedQR,fixed_0.50,0.5,0.7454,0.7849,0.6759,0.7264,0.1852,73,20,88,35,0.8494,0.1625
REF_constant_negative,n/a,,0.5,0.0,0.0,0.0,0.0,0,0,108,108,,
REF_constant_positive,n/a,,0.5,0.5,1.0,0.6667,1.0,108,108,0,0,,
