original_qr_id,label,url_length
Q00001,0,21
Q00010,0,19
Q00020,0,66
Q00025,0,33
Q00026,1,46
Q00028,0,28
Q00038,1,40
Q00045,0,25
Q00047,0,32
Q00048,0,79
Q00051,0,35
Q00060,1,69
Q00067,1,43
Q00081,0,69
Q00083,1,45
Q00084,1,163
Q00105,0,115
Q00118,0,49
Q00121,1,87
Q00127,0,33
Q00131,1,43
Q00142,1,53
Q00148,0,49
Q00154,0,68
Q00173,1,26
Q00176,0,52
Q00177,1,83
Q00182,1,67
Q00186,1,75
Q00210,1,20
Q00211,0,49
Q00216,1,33
Q00225,1,50
Q00236,1,47
Q00239,0,66
Q00254,1,55
Q00268,0,49
Q00290,1,54
Q00296,0,27
Q00309,0,50
Q00311,1,79
Q00316,1,43
Q00322,0,40
Q00345,1,39
Q00367,0,58
Q00382,0,66
Q00390,1,84
Q00405,1,23
Q00417,0,60
Q00434,1,25
Q00446,0,36
Q00453,1,68
Q00462,0,23
Q00491,0,51
Q00526,0,20
Q00527,0,41
Q00532,0,38
Q00539,1,36
Q00544,1,62
Q00554,0,120
Q00565,1,43
Q00570,1,77
Q00581,1,45
Q00582,1,29
Q00586,1,74
Q00605,1,26
Q00612,0,26
Q00620,1,67
Q00627,1,94
Q00629,1,54
Q00638,0,49
Q00657,1,32
Q00669,0,22
Q00670,0,45
Q00690,0,33
Q00700,1,55
Q00707,0,38
Q00710,0,75
Q00726,0,39
Q00731,0,55
Q00733,0,51
Q00739,0,64
Q00740,0,63
Q00747,0,24
Q00752,1,34
Q00759,1,51
Q00770,0,46
Q00772,1,64
Q00812,1,88
Q00815,1,66
Q00835,0,38
Q00846,0,26
Q00858,0,41
Q00874,0,71
Q00876,0,45
Q00883,1,67
Q00913,1,65
Q00915,0,71
Q00929,1,22
Q00930,1,70
Q00939,1,121
Q00942,0,99
Q00948,0,64
Q00958,0,89
Q00966,0,42
Q00967,0,72
Q00971,1,42
Q00973,0,60
Q00999,0,49
Q01005,0,58
Q01031,0,27
Q01036,0,54
Q01050,0,64
Q01060,1,68
Q01061,1,43
Q01077,0,35
Q01078,0,78
Q01084,1,47
Q01088,0,40
Q01101,1,48
Q01115,0,48
Q01132,1,31
Q01138,0,22
Q01156,0,25
Q01169,0,86
Q01179,1,148
Q01181,1,64
Q01183,1,33
Q01207,1,34
Q01211,1,48
Q01221,1,55
Q01229,0,115
Q01266,0,24
Q01277,0,102
Q01279,1,73
Q01296,1,27
Q01300,0,111
Q01305,1,82
Q01308,1,54
Q01329,1,28
Q01338,1,159
Q01351,0,66
Q01362,1,58
Q01365,0,27
Q01366,1,20
Q01371,1,44
Q01373,0,45
Q01381,0,39
Q01385,0,52
Q01395,1,21
Q01399,1,26
Q01405,1,37
Q01406,0,83
Q01411,0,55
Q01417,1,65
Q01418,0,58
Q01445,1,49
Q01469,0,71
Q01485,0,26
Q01495,0,69
Q01499,1,69
Q01500,1,76
Q01527,0,109
Q01532,0,34
Q01534,1,53
Q01570,1,46
Q01581,1,25
Q01586,1,108
Q01588,1,38
Q01594,1,27
Q01600,0,29
Q01611,0,91
Q01614,0,38
Q01627,1,65
Q01641,1,37
Q01643,1,18
Q01650,0,64
Q01657,1,27
Q01661,1,47
Q01664,1,20
Q01669,1,84
Q01687,1,63
Q01692,0,111
Q01693,1,100
Q01702,0,49
Q01705,0,77
Q01726,1,19
Q01729,0,80
Q01737,0,136
Q01750,1,48
Q01753,1,115
Q01761,0,98
Q01776,1,88
Q01780,1,98
Q01786,0,51
Q01788,1,42
Q01790,0,36
Q01801,0,550
Q01806,0,67
Q01814,1,51
Q01817,1,55
Q01826,1,62
Q01833,1,55
Q01845,0,29
Q01859,0,64
Q01863,1,34
Q01864,0,33
Q01875,0,56
Q01888,1,72
Q01891,1,66
Q01910,1,74
Q01933,0,53
Q01936,0,96
Q01964,0,79
Q01983,1,35
Q01995,1,33
