distortion_type,distortion_severity,attempted,exact_rate,exact_ci_low,exact_ci_high,mismatch_rate,mismatch_ci_low,mismatch_ci_high,failure_rate,failure_ci_low,failure_ci_high
none,clean,300,1.0,0.9874,1.0,0.0,0.0,0.0126,0.0,0.0,0.0126
gaussian_blur,mild,300,1.0,0.9874,1.0,0.0,0.0,0.0126,0.0,0.0,0.0126
gaussian_blur,moderate,300,1.0,0.9874,1.0,0.0,0.0,0.0126,0.0,0.0,0.0126
gaussian_blur,strong,300,1.0,0.9874,1.0,0.0,0.0,0.0126,0.0,0.0,0.0126
rotation,-15,300,1.0,0.9874,1.0,0.0,0.0,0.0126,0.0,0.0,0.0126
rotation,-10,300,1.0,0.9874,1.0,0.0,0.0,0.0126,0.0,0.0,0.0126
rotation,-5,300,1.0,0.9874,1.0,0.0,0.0,0.0126,0.0,0.0,0.0126
rotation,+5,300,1.0,0.9874,1.0,0.0,0.0,0.0126,0.0,0.0,0.0126
rotation,+10,300,1.0,0.9874,1.0,0.0,0.0,0.0126,0.0,0.0,0.0126
rotation,+15,300,1.0,0.9874,1.0,0.0,0.0,0.0126,0.0,0.0,0.0126
jpeg,q90,300,1.0,0.9874,1.0,0.0,0.0,0.0126,0.0,0.0,0.0126
jpeg,q60,300,1.0,0.9874,1.0,0.0,0.0,0.0126,0.0,0.0,0.0126
jpeg,q30,300,1.0,0.9874,1.0,0.0,0.0,0.0126,0.0,0.0,0.0126
low_resolution,mild,300,1.0,0.9874,1.0,0.0,0.0,0.0126,0.0,0.0,0.0126
low_resolution,moderate,300,1.0,0.9874,1.0,0.0,0.0,0.0126,0.0,0.0,0.0126
low_resolution,strong,300,0.2867,0.2384,0.3403,0.0,0.0,0.0126,0.7133,0.6597,0.7616
perspective,mild,300,1.0,0.9874,1.0,0.0,0.0,0.0126,0.0,0.0,0.0126
perspective,moderate,300,1.0,0.9874,1.0,0.0,0.0,0.0126,0.0,0.0,0.0126
