distortion_type,distortion_severity,attempted,E1_url_only_e2e_mal_recall,E1_url_only_e2e_mal_recall_ci_low,E1_url_only_e2e_mal_recall_ci_high,E1_url_only_e2e_correct,E3_fusion_e2e_mal_recall,E3_fusion_e2e_mal_recall_ci_low,E3_fusion_e2e_mal_recall_ci_high,E3_fusion_e2e_correct
none,clean,300,0.7533,0.6786,0.8154,0.7833,0.76,0.6857,0.8213,0.7633
gaussian_blur,mild,300,0.7533,0.6786,0.8154,0.7833,0.7333,0.6574,0.7976,0.77
gaussian_blur,moderate,300,0.7533,0.6786,0.8154,0.7833,0.8,0.7289,0.8562,0.75
gaussian_blur,strong,300,0.7533,0.6786,0.8154,0.7833,0.9133,0.8574,0.9487,0.7167
rotation,-15,300,0.7533,0.6786,0.8154,0.7833,1.0,0.975,1.0,0.5167
rotation,-10,300,0.7533,0.6786,0.8154,0.7833,0.9933,0.9632,0.9988,0.6133
rotation,-5,300,0.7533,0.6786,0.8154,0.7833,0.92,0.8654,0.9536,0.7167
rotation,+5,300,0.7533,0.6786,0.8154,0.7833,0.92,0.8654,0.9536,0.7167
rotation,+10,300,0.7533,0.6786,0.8154,0.7833,0.9933,0.9632,0.9988,0.6133
rotation,+15,300,0.7533,0.6786,0.8154,0.7833,1.0,0.975,1.0,0.5167
jpeg,q90,300,0.7533,0.6786,0.8154,0.7833,0.7733,0.7,0.833,0.77
jpeg,q60,300,0.7533,0.6786,0.8154,0.7833,0.7867,0.7144,0.8446,0.7633
jpeg,q30,300,0.7533,0.6786,0.8154,0.7833,0.8067,0.7361,0.8619,0.75
low_resolution,mild,300,0.7533,0.6786,0.8154,0.7833,0.76,0.6857,0.8213,0.7633
low_resolution,moderate,300,0.7533,0.6786,0.8154,0.7833,0.76,0.6857,0.8213,0.7633
low_resolution,strong,300,0.1067,0.0667,0.1662,0.2067,0.1933,0.1381,0.2639,0.0967
perspective,mild,300,0.7533,0.6786,0.8154,0.7833,0.8467,0.7804,0.8956,0.7367
perspective,moderate,300,0.7533,0.6786,0.8154,0.7833,0.9133,0.8574,0.9487,0.7267
