distortion_type,distortion_severity,attempted,exact_benign,exact_rate_benign,exact_benign_ci_low,exact_benign_ci_high,exact_malicious,exact_rate_malicious,exact_malicious_ci_low,exact_malicious_ci_high
none,clean,300,150/150,1.0,0.975,1.0,150/150,1.0,0.975,1.0
gaussian_blur,mild,300,150/150,1.0,0.975,1.0,150/150,1.0,0.975,1.0
gaussian_blur,moderate,300,150/150,1.0,0.975,1.0,150/150,1.0,0.975,1.0
gaussian_blur,strong,300,150/150,1.0,0.975,1.0,150/150,1.0,0.975,1.0
rotation,-15,300,150/150,1.0,0.975,1.0,150/150,1.0,0.975,1.0
rotation,-10,300,150/150,1.0,0.975,1.0,150/150,1.0,0.975,1.0
rotation,-5,300,150/150,1.0,0.975,1.0,150/150,1.0,0.975,1.0
rotation,+5,300,150/150,1.0,0.975,1.0,150/150,1.0,0.975,1.0
rotation,+10,300,150/150,1.0,0.975,1.0,150/150,1.0,0.975,1.0
rotation,+15,300,150/150,1.0,0.975,1.0,150/150,1.0,0.975,1.0
jpeg,q90,300,150/150,1.0,0.975,1.0,150/150,1.0,0.975,1.0
jpeg,q60,300,150/150,1.0,0.975,1.0,150/150,1.0,0.975,1.0
jpeg,q30,300,150/150,1.0,0.975,1.0,150/150,1.0,0.975,1.0
low_resolution,mild,300,150/150,1.0,0.975,1.0,150/150,1.0,0.975,1.0
low_resolution,moderate,300,150/150,1.0,0.975,1.0,150/150,1.0,0.975,1.0
low_resolution,strong,300,57/150,0.38,0.3062,0.4598,29/150,0.1933,0.1381,0.2639
perspective,mild,300,150/150,1.0,0.975,1.0,150/150,1.0,0.975,1.0
perspective,moderate,300,150/150,1.0,0.975,1.0,150/150,1.0,0.975,1.0
