distortion_type,distortion_severity,version_band,class,exact,exact_rate,ci_low,ci_high,sparse_cell
none,clean,v1-v3,benign,77/77,1.0,0.9525,1.0,False
gaussian_blur,mild,v1-v3,benign,77/77,1.0,0.9525,1.0,False
gaussian_blur,moderate,v1-v3,benign,77/77,1.0,0.9525,1.0,False
gaussian_blur,strong,v1-v3,benign,77/77,1.0,0.9525,1.0,False
rotation,-15,v1-v3,benign,77/77,1.0,0.9525,1.0,False
rotation,-10,v1-v3,benign,77/77,1.0,0.9525,1.0,False
rotation,-5,v1-v3,benign,77/77,1.0,0.9525,1.0,False
rotation,+5,v1-v3,benign,77/77,1.0,0.9525,1.0,False
rotation,+10,v1-v3,benign,77/77,1.0,0.9525,1.0,False
rotation,+15,v1-v3,benign,77/77,1.0,0.9525,1.0,False
jpeg,q90,v1-v3,benign,77/77,1.0,0.9525,1.0,False
jpeg,q60,v1-v3,benign,77/77,1.0,0.9525,1.0,False
jpeg,q30,v1-v3,benign,77/77,1.0,0.9525,1.0,False
low_resolution,mild,v1-v3,benign,77/77,1.0,0.9525,1.0,False
low_resolution,moderate,v1-v3,benign,77/77,1.0,0.9525,1.0,False
low_resolution,strong,v1-v3,benign,40/77,0.5195,0.4096,0.6275,False
perspective,mild,v1-v3,benign,77/77,1.0,0.9525,1.0,False
perspective,moderate,v1-v3,benign,77/77,1.0,0.9525,1.0,False
none,clean,v4-v6,benign,65/65,1.0,0.9442,1.0,False
gaussian_blur,mild,v4-v6,benign,65/65,1.0,0.9442,1.0,False
gaussian_blur,moderate,v4-v6,benign,65/65,1.0,0.9442,1.0,False
gaussian_blur,strong,v4-v6,benign,65/65,1.0,0.9442,1.0,False
rotation,-15,v4-v6,benign,65/65,1.0,0.9442,1.0,False
rotation,-10,v4-v6,benign,65/65,1.0,0.9442,1.0,False
rotation,-5,v4-v6,benign,65/65,1.0,0.9442,1.0,False
rotation,+5,v4-v6,benign,65/65,1.0,0.9442,1.0,False
rotation,+10,v4-v6,benign,65/65,1.0,0.9442,1.0,False
rotation,+15,v4-v6,benign,65/65,1.0,0.9442,1.0,False
jpeg,q90,v4-v6,benign,65/65,1.0,0.9442,1.0,False
jpeg,q60,v4-v6,benign,65/65,1.0,0.9442,1.0,False
jpeg,q30,v4-v6,benign,65/65,1.0,0.9442,1.0,False
low_resolution,mild,v4-v6,benign,65/65,1.0,0.9442,1.0,False
low_resolution,moderate,v4-v6,benign,65/65,1.0,0.9442,1.0,False
low_resolution,strong,v4-v6,benign,17/65,0.2615,0.1702,0.3795,False
perspective,mild,v4-v6,benign,65/65,1.0,0.9442,1.0,False
perspective,moderate,v4-v6,benign,65/65,1.0,0.9442,1.0,False
none,clean,v4-v6,malicious,85/85,1.0,0.9568,1.0,False
gaussian_blur,mild,v4-v6,malicious,85/85,1.0,0.9568,1.0,False
gaussian_blur,moderate,v4-v6,malicious,85/85,1.0,0.9568,1.0,False
gaussian_blur,strong,v4-v6,malicious,85/85,1.0,0.9568,1.0,False
rotation,-15,v4-v6,malicious,85/85,1.0,0.9568,1.0,False
rotation,-10,v4-v6,malicious,85/85,1.0,0.9568,1.0,False
rotation,-5,v4-v6,malicious,85/85,1.0,0.9568,1.0,False
rotation,+5,v4-v6,malicious,85/85,1.0,0.9568,1.0,False
rotation,+10,v4-v6,malicious,85/85,1.0,0.9568,1.0,False
rotation,+15,v4-v6,malicious,85/85,1.0,0.9568,1.0,False
jpeg,q90,v4-v6,malicious,85/85,1.0,0.9568,1.0,False
jpeg,q60,v4-v6,malicious,85/85,1.0,0.9568,1.0,False
jpeg,q30,v4-v6,malicious,85/85,1.0,0.9568,1.0,False
low_resolution,mild,v4-v6,malicious,85/85,1.0,0.9568,1.0,False
low_resolution,moderate,v4-v6,malicious,85/85,1.0,0.9568,1.0,False
low_resolution,strong,v4-v6,malicious,10/85,0.1176,0.0652,0.2032,False
perspective,mild,v4-v6,malicious,85/85,1.0,0.9568,1.0,False
perspective,moderate,v4-v6,malicious,85/85,1.0,0.9568,1.0,False
none,clean,v1-v3,malicious,37/37,1.0,0.9059,1.0,False
gaussian_blur,mild,v1-v3,malicious,37/37,1.0,0.9059,1.0,False
gaussian_blur,moderate,v1-v3,malicious,37/37,1.0,0.9059,1.0,False
gaussian_blur,strong,v1-v3,malicious,37/37,1.0,0.9059,1.0,False
rotation,-15,v1-v3,malicious,37/37,1.0,0.9059,1.0,False
rotation,-10,v1-v3,malicious,37/37,1.0,0.9059,1.0,False
rotation,-5,v1-v3,malicious,37/37,1.0,0.9059,1.0,False
rotation,+5,v1-v3,malicious,37/37,1.0,0.9059,1.0,False
rotation,+10,v1-v3,malicious,37/37,1.0,0.9059,1.0,False
rotation,+15,v1-v3,malicious,37/37,1.0,0.9059,1.0,False
jpeg,q90,v1-v3,malicious,37/37,1.0,0.9059,1.0,False
jpeg,q60,v1-v3,malicious,37/37,1.0,0.9059,1.0,False
jpeg,q30,v1-v3,malicious,37/37,1.0,0.9059,1.0,False
low_resolution,mild,v1-v3,malicious,37/37,1.0,0.9059,1.0,False
low_resolution,moderate,v1-v3,malicious,37/37,1.0,0.9059,1.0,False
low_resolution,strong,v1-v3,malicious,17/37,0.4595,0.3104,0.6162,False
perspective,mild,v1-v3,malicious,37/37,1.0,0.9059,1.0,False
perspective,moderate,v1-v3,malicious,37/37,1.0,0.9059,1.0,False
none,clean,v7+,malicious,28/28,1.0,0.8794,1.0,False
gaussian_blur,mild,v7+,malicious,28/28,1.0,0.8794,1.0,False
gaussian_blur,moderate,v7+,malicious,28/28,1.0,0.8794,1.0,False
gaussian_blur,strong,v7+,malicious,28/28,1.0,0.8794,1.0,False
rotation,-15,v7+,malicious,28/28,1.0,0.8794,1.0,False
rotation,-10,v7+,malicious,28/28,1.0,0.8794,1.0,False
rotation,-5,v7+,malicious,28/28,1.0,0.8794,1.0,False
rotation,+5,v7+,malicious,28/28,1.0,0.8794,1.0,False
rotation,+10,v7+,malicious,28/28,1.0,0.8794,1.0,False
rotation,+15,v7+,malicious,28/28,1.0,0.8794,1.0,False
jpeg,q90,v7+,malicious,28/28,1.0,0.8794,1.0,False
jpeg,q60,v7+,malicious,28/28,1.0,0.8794,1.0,False
jpeg,q30,v7+,malicious,28/28,1.0,0.8794,1.0,False
low_resolution,mild,v7+,malicious,28/28,1.0,0.8794,1.0,False
low_resolution,moderate,v7+,malicious,28/28,1.0,0.8794,1.0,False
low_resolution,strong,v7+,malicious,2/28,0.0714,0.0198,0.2265,False
perspective,mild,v7+,malicious,28/28,1.0,0.8794,1.0,False
perspective,moderate,v7+,malicious,28/28,1.0,0.8794,1.0,False
none,clean,v7+,benign,8/8,1.0,0.6756,1.0,True
gaussian_blur,mild,v7+,benign,8/8,1.0,0.6756,1.0,True
gaussian_blur,moderate,v7+,benign,8/8,1.0,0.6756,1.0,True
gaussian_blur,strong,v7+,benign,8/8,1.0,0.6756,1.0,True
rotation,-15,v7+,benign,8/8,1.0,0.6756,1.0,True
rotation,-10,v7+,benign,8/8,1.0,0.6756,1.0,True
rotation,-5,v7+,benign,8/8,1.0,0.6756,1.0,True
rotation,+5,v7+,benign,8/8,1.0,0.6756,1.0,True
rotation,+10,v7+,benign,8/8,1.0,0.6756,1.0,True
rotation,+15,v7+,benign,8/8,1.0,0.6756,1.0,True
jpeg,q90,v7+,benign,8/8,1.0,0.6756,1.0,True
jpeg,q60,v7+,benign,8/8,1.0,0.6756,1.0,True
jpeg,q30,v7+,benign,8/8,1.0,0.6756,1.0,True
low_resolution,mild,v7+,benign,8/8,1.0,0.6756,1.0,True
low_resolution,moderate,v7+,benign,8/8,1.0,0.6756,1.0,True
low_resolution,strong,v7+,benign,0/8,0.0,0.0,0.3244,True
perspective,mild,v7+,benign,8/8,1.0,0.6756,1.0,True
perspective,moderate,v7+,benign,8/8,1.0,0.6756,1.0,True
