distortion_type,distortion_severity,attempted,exact_rate,exact_ci_low,exact_ci_high,mismatch_rate,mismatch_ci_low,mismatch_ci_high,failure_rate,failure_ci_low,failure_ci_high,exact_benign,exact_rate_benign,exact_benign_ci_low,exact_benign_ci_high,exact_malicious,exact_rate_malicious,exact_malicious_ci_low,exact_malicious_ci_high,E1_url_only_cond_recall,E1_url_only_cond_fpr,E1_url_only_cond_f1,E1_url_only_cond_status,E1_url_only_e2e_mal_recall,E1_url_only_e2e_mal_recall_ci_low,E1_url_only_e2e_mal_recall_ci_high,E1_url_only_e2e_correct,E3_fusion_cond_recall,E3_fusion_cond_fpr,E3_fusion_cond_f1,E3_fusion_cond_status,E3_fusion_e2e_mal_recall,E3_fusion_e2e_mal_recall_ci_low,E3_fusion_e2e_mal_recall_ci_high,E3_fusion_e2e_correct
none,clean,300,1.0,0.9874,1.0,0.0,0.0,0.0126,0.0,0.0,0.0126,150/150,1.0,0.975,1.0,150/150,1.0,0.975,1.0,0.7533,0.1867,0.7766,ok,0.7533,0.6786,0.8154,0.7833,0.76,0.2333,0.7625,ok,0.76,0.6857,0.8213,0.7633
gaussian_blur,mild,300,1.0,0.9874,1.0,0.0,0.0,0.0126,0.0,0.0,0.0126,150/150,1.0,0.975,1.0,150/150,1.0,0.975,1.0,0.7533,0.1867,0.7766,ok,0.7533,0.6786,0.8154,0.7833,0.7333,0.1933,0.7612,ok,0.7333,0.6574,0.7976,0.77
gaussian_blur,moderate,300,1.0,0.9874,1.0,0.0,0.0,0.0126,0.0,0.0,0.0126,150/150,1.0,0.975,1.0,150/150,1.0,0.975,1.0,0.7533,0.1867,0.7766,ok,0.7533,0.6786,0.8154,0.7833,0.8,0.3,0.7619,ok,0.8,0.7289,0.8562,0.75
gaussian_blur,strong,300,1.0,0.9874,1.0,0.0,0.0,0.0126,0.0,0.0,0.0126,150/150,1.0,0.975,1.0,150/150,1.0,0.975,1.0,0.7533,0.1867,0.7766,ok,0.7533,0.6786,0.8154,0.7833,0.9133,0.48,0.7632,ok,0.9133,0.8574,0.9487,0.7167
rotation,-15,300,1.0,0.9874,1.0,0.0,0.0,0.0126,0.0,0.0,0.0126,150/150,1.0,0.975,1.0,150/150,1.0,0.975,1.0,0.7533,0.1867,0.7766,ok,0.7533,0.6786,0.8154,0.7833,1.0,0.9667,0.6742,ok,1.0,0.975,1.0,0.5167
rotation,-10,300,1.0,0.9874,1.0,0.0,0.0,0.0126,0.0,0.0,0.0126,150/150,1.0,0.975,1.0,150/150,1.0,0.975,1.0,0.7533,0.1867,0.7766,ok,0.7533,0.6786,0.8154,0.7833,0.9933,0.7667,0.7198,ok,0.9933,0.9632,0.9988,0.6133
rotation,-5,300,1.0,0.9874,1.0,0.0,0.0,0.0126,0.0,0.0,0.0126,150/150,1.0,0.975,1.0,150/150,1.0,0.975,1.0,0.7533,0.1867,0.7766,ok,0.7533,0.6786,0.8154,0.7833,0.92,0.4867,0.7645,ok,0.92,0.8654,0.9536,0.7167
rotation,+5,300,1.0,0.9874,1.0,0.0,0.0,0.0126,0.0,0.0,0.0126,150/150,1.0,0.975,1.0,150/150,1.0,0.975,1.0,0.7533,0.1867,0.7766,ok,0.7533,0.6786,0.8154,0.7833,0.92,0.4867,0.7645,ok,0.92,0.8654,0.9536,0.7167
rotation,+10,300,1.0,0.9874,1.0,0.0,0.0,0.0126,0.0,0.0,0.0126,150/150,1.0,0.975,1.0,150/150,1.0,0.975,1.0,0.7533,0.1867,0.7766,ok,0.7533,0.6786,0.8154,0.7833,0.9933,0.7667,0.7198,ok,0.9933,0.9632,0.9988,0.6133
rotation,+15,300,1.0,0.9874,1.0,0.0,0.0,0.0126,0.0,0.0,0.0126,150/150,1.0,0.975,1.0,150/150,1.0,0.975,1.0,0.7533,0.1867,0.7766,ok,0.7533,0.6786,0.8154,0.7833,1.0,0.9667,0.6742,ok,1.0,0.975,1.0,0.5167
jpeg,q90,300,1.0,0.9874,1.0,0.0,0.0,0.0126,0.0,0.0,0.0126,150/150,1.0,0.975,1.0,150/150,1.0,0.975,1.0,0.7533,0.1867,0.7766,ok,0.7533,0.6786,0.8154,0.7833,0.7733,0.2333,0.7708,ok,0.7733,0.7,0.833,0.77
jpeg,q60,300,1.0,0.9874,1.0,0.0,0.0,0.0126,0.0,0.0,0.0126,150/150,1.0,0.975,1.0,150/150,1.0,0.975,1.0,0.7533,0.1867,0.7766,ok,0.7533,0.6786,0.8154,0.7833,0.7867,0.26,0.7687,ok,0.7867,0.7144,0.8446,0.7633
jpeg,q30,300,1.0,0.9874,1.0,0.0,0.0,0.0126,0.0,0.0,0.0126,150/150,1.0,0.975,1.0,150/150,1.0,0.975,1.0,0.7533,0.1867,0.7766,ok,0.7533,0.6786,0.8154,0.7833,0.8067,0.3067,0.7634,ok,0.8067,0.7361,0.8619,0.75
low_resolution,mild,300,1.0,0.9874,1.0,0.0,0.0,0.0126,0.0,0.0,0.0126,150/150,1.0,0.975,1.0,150/150,1.0,0.975,1.0,0.7533,0.1867,0.7766,ok,0.7533,0.6786,0.8154,0.7833,0.76,0.2333,0.7625,ok,0.76,0.6857,0.8213,0.7633
low_resolution,moderate,300,1.0,0.9874,1.0,0.0,0.0,0.0126,0.0,0.0,0.0126,150/150,1.0,0.975,1.0,150/150,1.0,0.975,1.0,0.7533,0.1867,0.7766,ok,0.7533,0.6786,0.8154,0.7833,0.76,0.2333,0.7625,ok,0.76,0.6857,0.8213,0.7633
low_resolution,strong,300,0.2867,0.2384,0.3403,0.0,0.0,0.0126,0.7133,0.6597,0.7616,57/150,0.38,0.3062,0.4598,29/150,0.1933,0.1381,0.2639,0.5517,0.193,0.5714,exploratory (<30/class),0.1067,0.0667,0.1662,0.2067,1.0,1.0,0.5043,exploratory (<30/class),0.1933,0.1381,0.2639,0.0967
perspective,mild,300,1.0,0.9874,1.0,0.0,0.0,0.0126,0.0,0.0,0.0126,150/150,1.0,0.975,1.0,150/150,1.0,0.975,1.0,0.7533,0.1867,0.7766,ok,0.7533,0.6786,0.8154,0.7833,0.8467,0.3733,0.7628,ok,0.8467,0.7804,0.8956,0.7367
perspective,moderate,300,1.0,0.9874,1.0,0.0,0.0,0.0126,0.0,0.0,0.0126,150/150,1.0,0.975,1.0,150/150,1.0,0.975,1.0,0.7533,0.1867,0.7766,ok,0.7533,0.6786,0.8154,0.7833,0.9133,0.46,0.7697,ok,0.9133,0.8574,0.9487,0.7267
