candidate,seed,score,train_n,train_mal_frac,val_n,val_mal_frac,test_n,test_mal_frac
0,42,0.0,1400,0.5,300,0.5,300,0.5
1,43,0.0,1400,0.5,300,0.5,300,0.5
2,44,0.0,1400,0.5,300,0.5,300,0.5
3,45,0.0,1400,0.5,300,0.5,300,0.5
4,46,0.0,1400,0.5,300,0.5,300,0.5
5,47,0.0,1400,0.5,300,0.5,300,0.5
6,48,0.0,1400,0.5,300,0.5,300,0.5
7,49,0.0,1400,0.5,300,0.5,300,0.5
8,50,0.0,1400,0.5,300,0.5,300,0.5
9,51,0.0,1400,0.5,300,0.5,300,0.5
10,52,0.0,1400,0.5,300,0.5,300,0.5
11,53,0.0,1400,0.5,300,0.5,300,0.5
12,54,0.0,1400,0.5,300,0.5,300,0.5
13,55,0.0,1400,0.5,300,0.5,300,0.5
14,56,0.0,1400,0.5,300,0.5,300,0.5
15,57,0.0,1400,0.5,300,0.5,300,0.5
16,58,0.0,1400,0.5,300,0.5,300,0.5
17,59,0.0,1400,0.5,300,0.5,300,0.5
18,60,0.0,1400,0.5,300,0.5,300,0.5
19,61,0.0,1400,0.5,300,0.5,300,0.5
20,62,0.0,1400,0.5,300,0.5,300,0.5
21,63,0.0,1400,0.5,300,0.5,300,0.5
22,64,0.0,1400,0.5,300,0.5,300,0.5
23,65,0.0,1400,0.5,300,0.5,300,0.5
24,66,0.0,1400,0.5,300,0.5,300,0.5
25,67,0.0,1400,0.5,300,0.5,300,0.5
26,68,0.0,1400,0.5,300,0.5,300,0.5
27,69,0.0,1400,0.5,300,0.5,300,0.5
28,70,0.0,1400,0.5,300,0.5,300,0.5
29,71,0.0,1400,0.5,300,0.5,300,0.5
30,72,0.0,1400,0.5,300,0.5,300,0.5
31,73,0.0,1400,0.5,300,0.5,300,0.5
32,74,0.0,1400,0.5,300,0.5,300,0.5
33,75,0.0,1400,0.5,300,0.5,300,0.5
34,76,0.0,1400,0.5,300,0.5,300,0.5
35,77,0.0,1400,0.5,300,0.5,300,0.5
36,78,0.0,1400,0.5,300,0.5,300,0.5
37,79,0.0,1400,0.5,300,0.5,300,0.5
38,80,0.0,1400,0.5,300,0.5,300,0.5
39,81,0.0,1400,0.5,300,0.5,300,0.5
40,82,0.0,1400,0.5,300,0.5,300,0.5
41,83,0.0,1400,0.5,300,0.5,300,0.5
42,84,0.0,1400,0.5,300,0.5,300,0.5
43,85,0.0,1400,0.5,300,0.5,300,0.5
44,86,0.0,1400,0.5,300,0.5,300,0.5
45,87,0.0,1400,0.5,300,0.5,300,0.5
46,88,0.0,1400,0.5,300,0.5,300,0.5
47,89,0.0,1400,0.5,300,0.5,300,0.5
48,90,0.0,1400,0.5,300,0.5,300,0.5
49,91,0.0,1400,0.5,300,0.5,300,0.5
50,92,0.0,1400,0.5,300,0.5,300,0.5
51,93,0.0,1400,0.5,300,0.5,300,0.5
52,94,0.0,1400,0.5,300,0.5,300,0.5
53,95,0.0,1400,0.5,300,0.5,300,0.5
54,96,0.0,1400,0.5,300,0.5,300,0.5
55,97,0.0,1400,0.5,300,0.5,300,0.5
56,98,0.0,1400,0.5,300,0.5,300,0.5
57,99,0.0,1400,0.5,300,0.5,300,0.5
58,100,0.0,1400,0.5,300,0.5,300,0.5
59,101,0.0,1400,0.5,300,0.5,300,0.5
60,102,0.0,1400,0.5,300,0.5,300,0.5
61,103,0.0,1400,0.5,300,0.5,300,0.5
62,104,0.0,1400,0.5,300,0.5,300,0.5
63,105,0.0,1400,0.5,300,0.5,300,0.5
64,106,0.0,1400,0.5,300,0.5,300,0.5
65,107,0.0,1400,0.5,300,0.5,300,0.5
66,108,0.0,1400,0.5,300,0.5,300,0.5
67,109,0.0,1400,0.5,300,0.5,300,0.5
68,110,0.0,1400,0.5,300,0.5,300,0.5
69,111,0.0,1400,0.5,300,0.5,300,0.5
70,112,0.0,1400,0.5,300,0.5,300,0.5
71,113,0.0,1400,0.5,300,0.5,300,0.5
72,114,0.0,1400,0.5,300,0.5,300,0.5
73,115,0.0,1400,0.5,300,0.5,300,0.5
74,116,0.0,1400,0.5,300,0.5,300,0.5
75,117,0.0,1400,0.5,300,0.5,300,0.5
76,118,0.0,1400,0.5,300,0.5,300,0.5
77,119,0.0,1400,0.5,300,0.5,300,0.5
78,120,0.0,1400,0.5,300,0.5,300,0.5
79,121,0.0,1400,0.5,300,0.5,300,0.5
80,122,0.0,1400,0.5,300,0.5,300,0.5
81,123,0.0,1400,0.5,300,0.5,300,0.5
82,124,0.0,1400,0.5,300,0.5,300,0.5
83,125,0.0,1400,0.5,300,0.5,300,0.5
84,126,0.0,1400,0.5,300,0.5,300,0.5
85,127,0.0,1400,0.5,300,0.5,300,0.5
86,128,0.0,1400,0.5,300,0.5,300,0.5
87,129,0.0,1400,0.5,300,0.5,300,0.5
88,130,0.0,1400,0.5,300,0.5,300,0.5
89,131,0.0,1400,0.5,300,0.5,300,0.5
90,132,0.0,1400,0.5,300,0.5,300,0.5
91,133,0.0,1400,0.5,300,0.5,300,0.5
92,134,0.0,1400,0.5,300,0.5,300,0.5
93,135,0.0,1400,0.5,300,0.5,300,0.5
94,136,0.0,1400,0.5,300,0.5,300,0.5
95,137,0.0,1400,0.5,300,0.5,300,0.5
96,138,0.0,1400,0.5,300,0.5,300,0.5
97,139,0.0,1400,0.5,300,0.5,300,0.5
98,140,0.0,1400,0.5,300,0.5,300,0.5
99,141,0.0,1400,0.5,300,0.5,300,0.5
100,142,0.0,1400,0.5,300,0.5,300,0.5
101,143,0.0,1400,0.5,300,0.5,300,0.5
102,144,0.0,1400,0.5,300,0.5,300,0.5
103,145,0.0,1400,0.5,300,0.5,300,0.5
104,146,0.0,1400,0.5,300,0.5,300,0.5
105,147,0.0,1400,0.5,300,0.5,300,0.5
106,148,0.0,1400,0.5,300,0.5,300,0.5
107,149,0.0,1400,0.5,300,0.5,300,0.5
108,150,0.0,1400,0.5,300,0.5,300,0.5
109,151,0.0,1400,0.5,300,0.5,300,0.5
110,152,0.0,1400,0.5,300,0.5,300,0.5
111,153,0.0,1400,0.5,300,0.5,300,0.5
112,154,0.0,1400,0.5,300,0.5,300,0.5
113,155,0.0,1400,0.5,300,0.5,300,0.5
114,156,0.0,1400,0.5,300,0.5,300,0.5
115,157,0.0,1400,0.5,300,0.5,300,0.5
116,158,0.0,1400,0.5,300,0.5,300,0.5
117,159,0.0,1400,0.5,300,0.5,300,0.5
118,160,0.0,1400,0.5,300,0.5,300,0.5
119,161,0.0,1400,0.5,300,0.5,300,0.5
120,162,0.0,1400,0.5,300,0.5,300,0.5
121,163,0.0,1400,0.5,300,0.5,300,0.5
122,164,0.0,1400,0.5,300,0.5,300,0.5
123,165,0.0,1400,0.5,300,0.5,300,0.5
124,166,0.0,1400,0.5,300,0.5,300,0.5
125,167,0.0,1400,0.5,300,0.5,300,0.5
126,168,0.0,1400,0.5,300,0.5,300,0.5
127,169,0.0,1400,0.5,300,0.5,300,0.5
128,170,0.0,1400,0.5,300,0.5,300,0.5
129,171,0.0,1400,0.5,300,0.5,300,0.5
130,172,0.0,1400,0.5,300,0.5,300,0.5
131,173,0.0,1400,0.5,300,0.5,300,0.5
132,174,0.0,1400,0.5,300,0.5,300,0.5
133,175,0.0,1400,0.5,300,0.5,300,0.5
134,176,0.0,1400,0.5,300,0.5,300,0.5
135,177,0.0,1400,0.5,300,0.5,300,0.5
136,178,0.0,1400,0.5,300,0.5,300,0.5
137,179,0.0,1400,0.5,300,0.5,300,0.5
138,180,0.0,1400,0.5,300,0.5,300,0.5
139,181,0.0,1400,0.5,300,0.5,300,0.5
140,182,0.0,1400,0.5,300,0.5,300,0.5
141,183,0.0,1400,0.5,300,0.5,300,0.5
142,184,0.0,1400,0.5,300,0.5,300,0.5
143,185,0.0,1400,0.5,300,0.5,300,0.5
144,186,0.0,1400,0.5,300,0.5,300,0.5
145,187,0.0,1400,0.5,300,0.5,300,0.5
146,188,0.0,1400,0.5,300,0.5,300,0.5
147,189,0.0,1400,0.5,300,0.5,300,0.5
148,190,0.0,1400,0.5,300,0.5,300,0.5
149,191,0.0,1400,0.5,300,0.5,300,0.5
150,192,0.0,1400,0.5,300,0.5,300,0.5
151,193,0.0,1400,0.5,300,0.5,300,0.5
152,194,0.0,1400,0.5,300,0.5,300,0.5
153,195,0.0,1400,0.5,300,0.5,300,0.5
154,196,0.0,1400,0.5,300,0.5,300,0.5
155,197,0.0,1400,0.5,300,0.5,300,0.5
156,198,0.0,1400,0.5,300,0.5,300,0.5
157,199,0.0,1400,0.5,300,0.5,300,0.5
158,200,0.0,1400,0.5,300,0.5,300,0.5
159,201,0.0,1400,0.5,300,0.5,300,0.5
160,202,0.0,1400,0.5,300,0.5,300,0.5
161,203,0.0,1400,0.5,300,0.5,300,0.5
162,204,0.0,1400,0.5,300,0.5,300,0.5
163,205,0.0,1400,0.5,300,0.5,300,0.5
164,206,0.0,1400,0.5,300,0.5,300,0.5
165,207,0.0,1400,0.5,300,0.5,300,0.5
166,208,0.0,1400,0.5,300,0.5,300,0.5
167,209,0.0,1400,0.5,300,0.5,300,0.5
168,210,0.0,1400,0.5,300,0.5,300,0.5
169,211,0.0,1400,0.5,300,0.5,300,0.5
170,212,0.0,1400,0.5,300,0.5,300,0.5
171,213,0.0,1400,0.5,300,0.5,300,0.5
172,214,0.0,1400,0.5,300,0.5,300,0.5
173,215,0.0,1400,0.5,300,0.5,300,0.5
174,216,0.0,1400,0.5,300,0.5,300,0.5
175,217,0.0,1400,0.5,300,0.5,300,0.5
176,218,0.0,1400,0.5,300,0.5,300,0.5
177,219,0.0,1400,0.5,300,0.5,300,0.5
178,220,0.0,1400,0.5,300,0.5,300,0.5
179,221,0.0,1400,0.5,300,0.5,300,0.5
180,222,0.0,1400,0.5,300,0.5,300,0.5
181,223,0.0,1400,0.5,300,0.5,300,0.5
182,224,0.0,1400,0.5,300,0.5,300,0.5
183,225,0.0,1400,0.5,300,0.5,300,0.5
184,226,0.0,1400,0.5,300,0.5,300,0.5
185,227,0.0,1400,0.5,300,0.5,300,0.5
186,228,0.0,1400,0.5,300,0.5,300,0.5
187,229,0.0,1400,0.5,300,0.5,300,0.5
188,230,0.0,1400,0.5,300,0.5,300,0.5
189,231,0.0,1400,0.5,300,0.5,300,0.5
190,232,0.0,1400,0.5,300,0.5,300,0.5
191,233,0.0,1400,0.5,300,0.5,300,0.5
192,234,0.0,1400,0.5,300,0.5,300,0.5
193,235,0.0,1400,0.5,300,0.5,300,0.5
194,236,0.0,1400,0.5,300,0.5,300,0.5
195,237,0.0,1400,0.5,300,0.5,300,0.5
196,238,0.0,1400,0.5,300,0.5,300,0.5
197,239,0.0,1400,0.5,300,0.5,300,0.5
198,240,0.0,1400,0.5,300,0.5,300,0.5
199,241,0.0,1400,0.5,300,0.5,300,0.5
200,242,0.0,1400,0.5,300,0.5,300,0.5
201,243,0.0,1400,0.5,300,0.5,300,0.5
202,244,0.0,1400,0.5,300,0.5,300,0.5
203,245,0.0,1400,0.5,300,0.5,300,0.5
204,246,0.0,1400,0.5,300,0.5,300,0.5
205,247,0.0,1400,0.5,300,0.5,300,0.5
206,248,0.0,1400,0.5,300,0.5,300,0.5
207,249,0.0,1400,0.5,300,0.5,300,0.5
208,250,0.0,1400,0.5,300,0.5,300,0.5
209,251,0.0,1400,0.5,300,0.5,300,0.5
210,252,0.0,1400,0.5,300,0.5,300,0.5
211,253,0.0,1400,0.5,300,0.5,300,0.5
212,254,0.0,1400,0.5,300,0.5,300,0.5
213,255,0.0,1400,0.5,300,0.5,300,0.5
214,256,0.0,1400,0.5,300,0.5,300,0.5
215,257,0.0,1400,0.5,300,0.5,300,0.5
216,258,0.0,1400,0.5,300,0.5,300,0.5
217,259,0.0,1400,0.5,300,0.5,300,0.5
218,260,0.0,1400,0.5,300,0.5,300,0.5
219,261,0.0,1400,0.5,300,0.5,300,0.5
220,262,0.0,1400,0.5,300,0.5,300,0.5
221,263,0.0,1400,0.5,300,0.5,300,0.5
222,264,0.0,1400,0.5,300,0.5,300,0.5
223,265,0.0,1400,0.5,300,0.5,300,0.5
224,266,0.0,1400,0.5,300,0.5,300,0.5
225,267,0.0,1400,0.5,300,0.5,300,0.5
226,268,0.0,1400,0.5,300,0.5,300,0.5
227,269,0.0,1400,0.5,300,0.5,300,0.5
228,270,0.0,1400,0.5,300,0.5,300,0.5
229,271,0.0,1400,0.5,300,0.5,300,0.5
230,272,0.0,1400,0.5,300,0.5,300,0.5
231,273,0.0,1400,0.5,300,0.5,300,0.5
232,274,0.0,1400,0.5,300,0.5,300,0.5
233,275,0.0,1400,0.5,300,0.5,300,0.5
234,276,0.0,1400,0.5,300,0.5,300,0.5
235,277,0.0,1400,0.5,300,0.5,300,0.5
236,278,0.0,1400,0.5,300,0.5,300,0.5
237,279,0.0,1400,0.5,300,0.5,300,0.5
238,280,0.0,1400,0.5,300,0.5,300,0.5
239,281,0.0,1400,0.5,300,0.5,300,0.5
240,282,0.0,1400,0.5,300,0.5,300,0.5
241,283,0.0,1400,0.5,300,0.5,300,0.5
242,284,0.0,1400,0.5,300,0.5,300,0.5
243,285,0.0,1400,0.5,300,0.5,300,0.5
244,286,0.0,1400,0.5,300,0.5,300,0.5
245,287,0.0,1400,0.5,300,0.5,300,0.5
246,288,0.0,1400,0.5,300,0.5,300,0.5
247,289,0.0,1400,0.5,300,0.5,300,0.5
248,290,0.0,1400,0.5,300,0.5,300,0.5
249,291,0.0,1400,0.5,300,0.5,300,0.5
250,292,0.0,1400,0.5,300,0.5,300,0.5
251,293,0.0,1400,0.5,300,0.5,300,0.5
252,294,0.0,1400,0.5,300,0.5,300,0.5
253,295,0.0,1400,0.5,300,0.5,300,0.5
254,296,0.0,1400,0.5,300,0.5,300,0.5
255,297,0.0,1400,0.5,300,0.5,300,0.5
256,298,0.0,1400,0.5,300,0.5,300,0.5
257,299,0.0,1400,0.5,300,0.5,300,0.5
258,300,0.0,1400,0.5,300,0.5,300,0.5
259,301,0.0,1400,0.5,300,0.5,300,0.5
260,302,0.0,1400,0.5,300,0.5,300,0.5
261,303,0.0,1400,0.5,300,0.5,300,0.5
262,304,0.0,1400,0.5,300,0.5,300,0.5
263,305,0.0,1400,0.5,300,0.5,300,0.5
264,306,0.0,1400,0.5,300,0.5,300,0.5
265,307,0.0,1400,0.5,300,0.5,300,0.5
266,308,0.0,1400,0.5,300,0.5,300,0.5
267,309,0.0,1400,0.5,300,0.5,300,0.5
268,310,0.0,1400,0.5,300,0.5,300,0.5
269,311,0.0,1400,0.5,300,0.5,300,0.5
270,312,0.0,1400,0.5,300,0.5,300,0.5
271,313,0.0,1400,0.5,300,0.5,300,0.5
272,314,0.0,1400,0.5,300,0.5,300,0.5
273,315,0.0,1400,0.5,300,0.5,300,0.5
274,316,0.0,1400,0.5,300,0.5,300,0.5
275,317,0.0,1400,0.5,300,0.5,300,0.5
276,318,0.0,1400,0.5,300,0.5,300,0.5
277,319,0.0,1400,0.5,300,0.5,300,0.5
278,320,0.0,1400,0.5,300,0.5,300,0.5
279,321,0.0,1400,0.5,300,0.5,300,0.5
280,322,0.0,1400,0.5,300,0.5,300,0.5
281,323,0.0,1400,0.5,300,0.5,300,0.5
282,324,0.0,1400,0.5,300,0.5,300,0.5
283,325,0.0,1400,0.5,300,0.5,300,0.5
284,326,0.0,1400,0.5,300,0.5,300,0.5
285,327,0.0,1400,0.5,300,0.5,300,0.5
286,328,0.0,1400,0.5,300,0.5,300,0.5
287,329,0.0,1400,0.5,300,0.5,300,0.5
288,330,0.0,1400,0.5,300,0.5,300,0.5
289,331,0.0,1400,0.5,300,0.5,300,0.5
290,332,0.0,1400,0.5,300,0.5,300,0.5
291,333,0.0,1400,0.5,300,0.5,300,0.5
292,334,0.0,1400,0.5,300,0.5,300,0.5
293,335,0.0,1400,0.5,300,0.5,300,0.5
294,336,0.0,1400,0.5,300,0.5,300,0.5
295,337,0.0,1400,0.5,300,0.5,300,0.5
296,338,0.0,1400,0.5,300,0.5,300,0.5
297,339,0.0,1400,0.5,300,0.5,300,0.5
298,340,0.0,1400,0.5,300,0.5,300,0.5
299,341,0.0,1400,0.5,300,0.5,300,0.5
300,342,0.0,1400,0.5,300,0.5,300,0.5
301,343,0.0,1400,0.5,300,0.5,300,0.5
302,344,0.0,1400,0.5,300,0.5,300,0.5
303,345,0.0,1400,0.5,300,0.5,300,0.5
304,346,0.0,1400,0.5,300,0.5,300,0.5
305,347,0.0,1400,0.5,300,0.5,300,0.5
306,348,0.0,1400,0.5,300,0.5,300,0.5
307,349,0.0,1400,0.5,300,0.5,300,0.5
308,350,0.0,1400,0.5,300,0.5,300,0.5
309,351,0.0,1400,0.5,300,0.5,300,0.5
310,352,0.0,1400,0.5,300,0.5,300,0.5
311,353,0.0,1400,0.5,300,0.5,300,0.5
312,354,0.0,1400,0.5,300,0.5,300,0.5
313,355,0.0,1400,0.5,300,0.5,300,0.5
314,356,0.0,1400,0.5,300,0.5,300,0.5
315,357,0.0,1400,0.5,300,0.5,300,0.5
316,358,0.0,1400,0.5,300,0.5,300,0.5
317,359,0.0,1400,0.5,300,0.5,300,0.5
318,360,0.0,1400,0.5,300,0.5,300,0.5
319,361,0.0,1400,0.5,300,0.5,300,0.5
320,362,0.0,1400,0.5,300,0.5,300,0.5
321,363,0.0,1400,0.5,300,0.5,300,0.5
322,364,0.0,1400,0.5,300,0.5,300,0.5
323,365,0.0,1400,0.5,300,0.5,300,0.5
324,366,0.0,1400,0.5,300,0.5,300,0.5
325,367,0.0,1400,0.5,300,0.5,300,0.5
326,368,0.0,1400,0.5,300,0.5,300,0.5
327,369,0.0,1400,0.5,300,0.5,300,0.5
328,370,0.0,1400,0.5,300,0.5,300,0.5
329,371,0.0,1400,0.5,300,0.5,300,0.5
330,372,0.0,1400,0.5,300,0.5,300,0.5
331,373,0.0,1400,0.5,300,0.5,300,0.5
332,374,0.0,1400,0.5,300,0.5,300,0.5
333,375,0.0,1400,0.5,300,0.5,300,0.5
334,376,0.0,1400,0.5,300,0.5,300,0.5
335,377,0.0,1400,0.5,300,0.5,300,0.5
336,378,0.0,1400,0.5,300,0.5,300,0.5
337,379,0.0,1400,0.5,300,0.5,300,0.5
338,380,0.0,1400,0.5,300,0.5,300,0.5
339,381,0.0,1400,0.5,300,0.5,300,0.5
340,382,0.0,1400,0.5,300,0.5,300,0.5
341,383,0.0,1400,0.5,300,0.5,300,0.5
342,384,0.0,1400,0.5,300,0.5,300,0.5
343,385,0.0,1400,0.5,300,0.5,300,0.5
344,386,0.0,1400,0.5,300,0.5,300,0.5
345,387,0.0,1400,0.5,300,0.5,300,0.5
346,388,0.0,1400,0.5,300,0.5,300,0.5
347,389,0.0,1400,0.5,300,0.5,300,0.5
348,390,0.0,1400,0.5,300,0.5,300,0.5
349,391,0.0,1400,0.5,300,0.5,300,0.5
350,392,0.0,1400,0.5,300,0.5,300,0.5
351,393,0.0,1400,0.5,300,0.5,300,0.5
352,394,0.0,1400,0.5,300,0.5,300,0.5
353,395,0.0,1400,0.5,300,0.5,300,0.5
354,396,0.0,1400,0.5,300,0.5,300,0.5
355,397,0.0,1400,0.5,300,0.5,300,0.5
356,398,0.0,1400,0.5,300,0.5,300,0.5
357,399,0.0,1400,0.5,300,0.5,300,0.5
358,400,0.0,1400,0.5,300,0.5,300,0.5
359,401,0.0,1400,0.5,300,0.5,300,0.5
360,402,0.0,1400,0.5,300,0.5,300,0.5
361,403,0.0,1400,0.5,300,0.5,300,0.5
362,404,0.0,1400,0.5,300,0.5,300,0.5
363,405,0.0,1400,0.5,300,0.5,300,0.5
364,406,0.0,1400,0.5,300,0.5,300,0.5
365,407,0.0,1400,0.5,300,0.5,300,0.5
366,408,0.0,1400,0.5,300,0.5,300,0.5
367,409,0.0,1400,0.5,300,0.5,300,0.5
368,410,0.0,1400,0.5,300,0.5,300,0.5
369,411,0.0,1400,0.5,300,0.5,300,0.5
370,412,0.0,1400,0.5,300,0.5,300,0.5
371,413,0.0,1400,0.5,300,0.5,300,0.5
372,414,0.0,1400,0.5,300,0.5,300,0.5
373,415,0.0,1400,0.5,300,0.5,300,0.5
374,416,0.0,1400,0.5,300,0.5,300,0.5
375,417,0.0,1400,0.5,300,0.5,300,0.5
376,418,0.0,1400,0.5,300,0.5,300,0.5
377,419,0.0,1400,0.5,300,0.5,300,0.5
378,420,0.0,1400,0.5,300,0.5,300,0.5
379,421,0.0,1400,0.5,300,0.5,300,0.5
380,422,0.0,1400,0.5,300,0.5,300,0.5
381,423,0.0,1400,0.5,300,0.5,300,0.5
382,424,0.0,1400,0.5,300,0.5,300,0.5
383,425,0.0,1400,0.5,300,0.5,300,0.5
384,426,0.0,1400,0.5,300,0.5,300,0.5
385,427,0.0,1400,0.5,300,0.5,300,0.5
386,428,0.0,1400,0.5,300,0.5,300,0.5
387,429,0.0,1400,0.5,300,0.5,300,0.5
388,430,0.0,1400,0.5,300,0.5,300,0.5
389,431,0.0,1400,0.5,300,0.5,300,0.5
390,432,0.0,1400,0.5,300,0.5,300,0.5
391,433,0.0,1400,0.5,300,0.5,300,0.5
392,434,0.0,1400,0.5,300,0.5,300,0.5
393,435,0.0,1400,0.5,300,0.5,300,0.5
394,436,0.0,1400,0.5,300,0.5,300,0.5
395,437,0.0,1400,0.5,300,0.5,300,0.5
396,438,0.0,1400,0.5,300,0.5,300,0.5
397,439,0.0,1400,0.5,300,0.5,300,0.5
398,440,0.0,1400,0.5,300,0.5,300,0.5
399,441,0.0,1400,0.5,300,0.5,300,0.5
400,442,0.0,1400,0.5,300,0.5,300,0.5
401,443,0.0,1400,0.5,300,0.5,300,0.5
402,444,0.0,1400,0.5,300,0.5,300,0.5
403,445,0.0,1400,0.5,300,0.5,300,0.5
404,446,0.0,1400,0.5,300,0.5,300,0.5
405,447,0.0,1400,0.5,300,0.5,300,0.5
406,448,0.0,1400,0.5,300,0.5,300,0.5
407,449,0.0,1400,0.5,300,0.5,300,0.5
408,450,0.0,1400,0.5,300,0.5,300,0.5
409,451,0.0,1400,0.5,300,0.5,300,0.5
410,452,0.0,1400,0.5,300,0.5,300,0.5
411,453,0.0,1400,0.5,300,0.5,300,0.5
412,454,0.0,1400,0.5,300,0.5,300,0.5
413,455,0.0,1400,0.5,300,0.5,300,0.5
414,456,0.0,1400,0.5,300,0.5,300,0.5
415,457,0.0,1400,0.5,300,0.5,300,0.5
416,458,0.0,1400,0.5,300,0.5,300,0.5
417,459,0.0,1400,0.5,300,0.5,300,0.5
418,460,0.0,1400,0.5,300,0.5,300,0.5
419,461,0.0,1400,0.5,300,0.5,300,0.5
420,462,0.0,1400,0.5,300,0.5,300,0.5
421,463,0.0,1400,0.5,300,0.5,300,0.5
422,464,0.0,1400,0.5,300,0.5,300,0.5
423,465,0.0,1400,0.5,300,0.5,300,0.5
424,466,0.0,1400,0.5,300,0.5,300,0.5
425,467,0.0,1400,0.5,300,0.5,300,0.5
426,468,0.0,1400,0.5,300,0.5,300,0.5
427,469,0.0,1400,0.5,300,0.5,300,0.5
428,470,0.0,1400,0.5,300,0.5,300,0.5
429,471,0.0,1400,0.5,300,0.5,300,0.5
430,472,0.0,1400,0.5,300,0.5,300,0.5
431,473,0.0,1400,0.5,300,0.5,300,0.5
432,474,0.0,1400,0.5,300,0.5,300,0.5
433,475,0.0,1400,0.5,300,0.5,300,0.5
434,476,0.0,1400,0.5,300,0.5,300,0.5
435,477,0.0,1400,0.5,300,0.5,300,0.5
436,478,0.0,1400,0.5,300,0.5,300,0.5
437,479,0.0,1400,0.5,300,0.5,300,0.5
438,480,0.0,1400,0.5,300,0.5,300,0.5
439,481,0.0,1400,0.5,300,0.5,300,0.5
440,482,0.0,1400,0.5,300,0.5,300,0.5
441,483,0.0,1400,0.5,300,0.5,300,0.5
442,484,0.0,1400,0.5,300,0.5,300,0.5
443,485,0.0,1400,0.5,300,0.5,300,0.5
444,486,0.0,1400,0.5,300,0.5,300,0.5
445,487,0.0,1400,0.5,300,0.5,300,0.5
446,488,0.0,1400,0.5,300,0.5,300,0.5
447,489,0.0,1400,0.5,300,0.5,300,0.5
448,490,0.0,1400,0.5,300,0.5,300,0.5
449,491,0.0,1400,0.5,300,0.5,300,0.5
450,492,0.0,1400,0.5,300,0.5,300,0.5
451,493,0.0,1400,0.5,300,0.5,300,0.5
452,494,0.0,1400,0.5,300,0.5,300,0.5
453,495,0.0,1400,0.5,300,0.5,300,0.5
454,496,0.0,1400,0.5,300,0.5,300,0.5
455,497,0.0,1400,0.5,300,0.5,300,0.5
456,498,0.0,1400,0.5,300,0.5,300,0.5
457,499,0.0,1400,0.5,300,0.5,300,0.5
458,500,0.0,1400,0.5,300,0.5,300,0.5
459,501,0.0,1400,0.5,300,0.5,300,0.5
460,502,0.0,1400,0.5,300,0.5,300,0.5
461,503,0.0,1400,0.5,300,0.5,300,0.5
462,504,0.0,1400,0.5,300,0.5,300,0.5
463,505,0.0,1400,0.5,300,0.5,300,0.5
464,506,0.0,1400,0.5,300,0.5,300,0.5
465,507,0.0,1400,0.5,300,0.5,300,0.5
466,508,0.0,1400,0.5,300,0.5,300,0.5
467,509,0.0,1400,0.5,300,0.5,300,0.5
468,510,0.0,1400,0.5,300,0.5,300,0.5
469,511,0.0,1400,0.5,300,0.5,300,0.5
470,512,0.0,1400,0.5,300,0.5,300,0.5
471,513,0.0,1400,0.5,300,0.5,300,0.5
472,514,0.0,1400,0.5,300,0.5,300,0.5
473,515,0.0,1400,0.5,300,0.5,300,0.5
474,516,0.0,1400,0.5,300,0.5,300,0.5
475,517,0.0,1400,0.5,300,0.5,300,0.5
476,518,0.0,1400,0.5,300,0.5,300,0.5
477,519,0.0,1400,0.5,300,0.5,300,0.5
478,520,0.0,1400,0.5,300,0.5,300,0.5
479,521,0.0,1400,0.5,300,0.5,300,0.5
480,522,0.0,1400,0.5,300,0.5,300,0.5
481,523,0.0,1400,0.5,300,0.5,300,0.5
482,524,0.0,1400,0.5,300,0.5,300,0.5
483,525,0.0,1400,0.5,300,0.5,300,0.5
484,526,0.0,1400,0.5,300,0.5,300,0.5
485,527,0.0,1400,0.5,300,0.5,300,0.5
486,528,0.0,1400,0.5,300,0.5,300,0.5
487,529,0.0,1400,0.5,300,0.5,300,0.5
488,530,0.0,1400,0.5,300,0.5,300,0.5
489,531,0.0,1400,0.5,300,0.5,300,0.5
490,532,0.0,1400,0.5,300,0.5,300,0.5
491,533,0.0,1400,0.5,300,0.5,300,0.5
492,534,0.0,1400,0.5,300,0.5,300,0.5
493,535,0.0,1400,0.5,300,0.5,300,0.5
494,536,0.0,1400,0.5,300,0.5,300,0.5
495,537,0.0,1400,0.5,300,0.5,300,0.5
496,538,0.0,1400,0.5,300,0.5,300,0.5
497,539,0.0,1400,0.5,300,0.5,300,0.5
498,540,0.0,1400,0.5,300,0.5,300,0.5
499,541,0.0,1400,0.5,300,0.5,300,0.5
