,benign,suspicious/malicious,min,max
url_length,40.0,53.0,13.0,1386.0
url_hostname_length,18.0,18.0,4.0,150.0
url_path_length,14.5,21.0,0.0,315.0
url_query_length,0.0,0.0,0.0,1327.0
url_dot_count,2.0,2.0,1.0,24.0
url_subdomain_count,1.0,1.0,0.0,9.0
url_hyphen_count,0.0,0.0,0.0,24.0
url_digit_count,0.0,1.0,0.0,269.0
url_digit_ratio,0.0,0.023,0.0,0.652
url_special_char_count,0.5,1.0,0.0,83.0
url_at_count,0.0,0.0,0.0,3.0
url_question_count,0.0,0.0,0.0,3.0
url_equals_count,0.0,0.0,0.0,19.0
url_ampersand_count,0.0,0.0,0.0,19.0
url_percent_count,0.0,0.0,0.0,23.0
url_path_depth,1.0,2.0,0.0,16.0
url_query_param_count,0.0,0.0,0.0,20.0
url_has_https,0.0,0.0,0.0,1.0
url_has_ip,0.0,0.0,0.0,1.0
url_has_punycode,0.0,0.0,0.0,1.0
url_has_nonstandard_port,0.0,0.0,0.0,1.0
url_has_double_slash_path,0.0,0.0,0.0,1.0
url_entropy,4.094,4.264,3.15,5.949
url_suspicious_token_count,0.0,0.0,0.0,4.0
url_has_token_login,0.0,0.0,0.0,1.0
url_has_token_verify,0.0,0.0,0.0,1.0
url_has_token_account,0.0,0.0,0.0,1.0
url_has_token_secure,0.0,0.0,0.0,1.0
url_has_token_update,0.0,0.0,0.0,1.0
url_has_token_bank,0.0,0.0,0.0,1.0
