original_qr_id,label,registered_domain,split_group_id,split
Q00000,1,veltz3d.com,G00000,train
Q00001,0,pnta.com,G00001,test
Q00002,1,alert-wode.com,G00002,train
Q00003,0,greennet.org.uk,G00003,train
Q00004,1,steampoweroeszvd.me,G00004,train
Q00005,1,assurance-amlfrance.com,G00005,train
Q00006,0,minus40.info,G00006,train
Q00007,1,kam-net.ci,G00007,train
Q00008,0,memeglobal.com,G00008,val
Q00009,1,kuchkuchnights.com,G00009,train
Q00010,0,svd.se,G00010,test
Q00011,1,myfreesites.net,G00011,train
Q00012,1,inmotionhosting.com,G00012,val
Q00013,0,wordow.com,G00013,train
Q00014,0,allconnect.com,G00014,val
Q00015,0,paleomg.com,G00015,train
Q00016,0,braingle.com,G00016,train
Q00017,0,nextdirect.com,G00017,val
Q00018,1,cutt.ly,G00018,train
Q00019,1,watsonspestcontrol.com.au,G00019,train
Q00020,0,sailingissues.com,G00020,test
Q00021,1,aprenderparaser.com.br,G00021,val
Q00022,1,smoz.us,G00022,train
Q00023,1,pardot.com,G00023,val
Q00024,1,hf735.com,G00024,train
Q00025,0,scriptsandscribes.com,G00025,test
Q00026,1,union.gr,G00026,test
Q00027,0,mathplayground.com,G00027,train
Q00028,0,nudemilftube.com,G00028,test
Q00029,0,smart-wiki.net,G00029,train
Q00030,0,sleepbox.co.uk,G00030,val
Q00031,0,monarchnm.com,G00031,train
Q00032,0,djshop.de,G00032,train
Q00033,0,yahoo.com,G00033,val
Q00034,1,bos.ru,G00034,train
Q00035,0,ietf.org,G00035,train
Q00036,1,marketinghelper.com.au,G00036,val
Q00037,1,ik3igruewgdkj436kldhglerny5674kjhdsffkdsf.tk,G00037,train
Q00038,1,nijiyamarket.com,G00038,test
Q00039,0,pocketlegends.com,G00039,train
Q00040,0,thetoptens.com,G00040,train
Q00041,1,zzhomes.com,G00041,train
Q00042,0,boxol.it,G00042,train
Q00043,0,retroporn.sexy,G00043,val
Q00044,1,coolraccoon.com,G00044,train
Q00045,0,homeslyce.com,G00045,test
Q00046,0,gog.com,G00046,train
Q00047,0,francealzheimer.org,G00047,test
Q00048,0,ondvdreleases.com,G00048,test
Q00049,1,surfacespa.com,G00049,train
Q00050,1,cheapcolumbusproperties.com,G00050,val
Q00051,0,personalniyhoroskop.com,G00051,test
Q00052,1,165.227.4.30,G00052,train
Q00053,0,indianmirror.com,G00053,val
Q00054,0,isc.org,G00054,train
Q00055,1,utffunds.com,G00055,train
Q00056,1,78.143.96.35,G00056,train
Q00057,1,kankakeetankwash.com,G00057,val
Q00058,1,henrybakercollege.edu.in,G00058,train
Q00059,0,nordnet.no,G00059,train
Q00060,1,kloshpro.com,G00060,test
Q00061,0,state.mn.us,G00061,train
Q00062,1,arcromdiamonds.ro,G00062,train
Q00063,1,ktpn.kalisz.pl,G00063,train
Q00064,1,chromeproxy.net,G00064,train
Q00065,1,instagramnotice-security.com,G00065,train
Q00066,0,linksys.com,G00066,val
Q00067,1,ontrapages.com,G00067,test
Q00068,0,sourceforge.net,G00068,train
Q00069,1,umarexcz.cz,G00069,val
Q00070,1,webcindario.com,G00070,train
Q00071,0,geberit.fr,G00071,train
Q00072,1,sexabout.ru,G00072,train
Q00073,1,78.143.96.35,G00056,train
Q00074,0,myshopify.com,G00073,train
Q00075,0,yourdictionary.com,G00074,train
Q00076,1,proxy.al,G00075,train
Q00077,0,sangharakshita.org,G00076,train
Q00078,0,cubehost.ru,G00077,val
Q00079,1,donplitka.in.ua,G00078,train
Q00080,0,meteo.camera,G00079,train
Q00081,0,hugedomains.com,G00080,test
Q00082,1,amda.org.np,G00081,train
Q00083,1,aziendaleone.com,G00082,test
Q00084,1,funeo.com,G00083,test
Q00085,1,persiangig.com,G00084,train
Q00086,1,chat-whatsagp.com,G00085,train
Q00087,0,moviestarplanet.dk,G00086,test
Q00088,0,hwxnet.com,G00087,train
Q00089,1,6228lkt.com,G00088,train
Q00090,1,ioshop.es,G00089,train
Q00091,1,drrhau.com.au,G00090,val
Q00092,0,china-family-adventure.com,G00091,val
Q00093,0,mercerislandschools.org,G00092,train
Q00094,1,a10tech.com,G00093,train
Q00095,1,anthonytalks.com,G00094,train
Q00096,0,amazon.com,G00095,train
Q00097,1,reopenmedia.net,G00096,train
Q00098,1,net2care.com,G00097,train
Q00099,1,corporacionplaneta.com,G00098,val
Q00100,0,universal-devices.com,G00099,train
Q00101,0,1000projects.org,G00100,val
Q00102,0,wolterskluwer.de,G00101,train
Q00103,1,heightblog.com,G00102,train
Q00104,0,yahoo.com,G00033,val
Q00105,0,goscienceseven.com,G00103,test
Q00106,0,foursquare.com,G00104,train
Q00107,0,tnaxxx.com,G00105,train
Q00108,0,audi.co.za,G00106,train
Q00109,0,cnet.com,G00107,train
Q00110,0,mygolfspy.com,G00108,train
Q00111,1,auraromed.eu,G00109,train
Q00112,1,office.com,G00110,train
Q00113,1,cloudns.asia,G00111,val
Q00114,0,opensourceecology.org,G00112,train
Q00115,0,mphc.gov.in,G00113,train
Q00116,1,org.ru,G00114,train
Q00117,0,cnn.com,G00115,train
Q00118,0,howstuffworks.com,G00116,test
Q00119,1,meetme.run,G00117,train
Q00120,1,interiordezine.com,G00118,train
Q00121,1,gzymca.org,G00119,test
Q00122,1,thaihouseliving.com,G00120,train
Q00123,0,jobvite.com,G00121,train
Q00124,0,opensource.com,G00122,train
Q00125,1,vipcentr.ru,G00123,val
Q00126,0,planday.com,G00124,train
Q00127,0,recyclingcenters.org,G00125,test
Q00128,1,pple.com,G00126,train
Q00129,0,microchip.com,G00127,val
Q00130,1,rebrand.ly,G00128,train
Q00131,1,leaddogweb.com,G00129,test
Q00132,0,helpingwithmath.com,G00130,val
Q00133,0,plurk.com,G00131,val
Q00134,0,skilltechwebdesign.com,G00132,train
Q00135,1,179.185.89.94,G00133,train
Q00136,1,kvhw8ma.work,G00134,test
Q00137,1,magifilmworks.com,G00135,val
Q00138,1,chottosf.com,G00136,val
Q00139,1,stai-aljawami.ac.id,G00137,train
Q00140,1,afritraders.com,G00138,val
Q00141,0,diecarfactory.de,G00139,train
Q00142,1,consultax.cl,G00140,test
Q00143,0,backtoblackvinyl.com,G00141,train
Q00144,1,stil-proiect.ro,G00142,val
Q00145,0,metal-supply.dk,G00143,test
Q00146,0,patwarner.com,G00144,val
Q00147,1,gulfeducationservices.com,G00145,train
Q00148,0,laracasts.com,G00146,test
Q00149,0,sportsengine.com,G00147,train
Q00150,1,bagir.pt,G00148,val
Q00151,0,medicinenet.com,G00149,train
Q00152,0,yarden.nl,G00150,test
Q00153,1,imoveiseder.com.br,G00151,train
Q00154,0,vogella.com,G00152,test
Q00155,0,audio-transcoder.com,G00153,train
Q00156,0,gobackpacking.com,G00154,train
Q00157,1,skins4real.ru,G00155,train
Q00158,0,primarygames.com,G00156,train
Q00159,1,hop.ru,G00157,val
Q00160,0,completenorthamerica.com,G00158,val
Q00161,0,answers.com,G00159,train
Q00162,0,digiturkkampanyalari.com,G00160,train
Q00163,1,merveyilmazericmimarlik.com,G00161,train
Q00164,1,comersio.com,G00162,train
Q00165,1,espace-client.net,G00163,train
Q00166,1,duluxshop.lk,G00164,train
Q00167,1,gyanvitaranamlawcollege.com,G00165,train
Q00168,0,sharing.com.tw,G00166,train
Q00169,1,marjaharmon.com,G00167,train
Q00170,1,eladios.com.mx,G00168,val
Q00171,0,roller.com,G00169,train
Q00172,1,imagelinetech.com,G00170,train
Q00173,1,documantal.cc,G00171,test
Q00174,0,quora.com,G00172,val
Q00175,1,mixh.jp,G00173,train
Q00176,0,horoscopeswithin.com,G00174,test
Q00177,1,vassallo.com.ar,G00175,test
Q00178,0,mlpforums.com,G00176,train
Q00179,1,casasbahia.net,G00177,train
Q00180,1,vprint.com.my,G00178,train
Q00181,0,isp1.us,G00179,train
Q00182,1,kenaidanceta.com,G00180,test
Q00183,1,shokitini.com,G00181,train
Q00184,0,guttenbergarts.org,G00182,train
Q00185,0,investfunds.kz,G00183,train
Q00186,1,a2ip.ru,G00184,test
Q00187,1,reallifechoices.com.au,G00185,val
Q00188,1,dukhovnist.in.ua,G00186,val
Q00189,1,busywithwork.com,G00187,val
Q00190,0,resilienz.at,G00188,train
Q00191,0,excitedirectory.com,G00189,train
Q00192,1,moonfruit.com,G00190,train
Q00193,0,pennzoil.com,G00191,train
Q00194,0,tnut.edu.vn,G00192,val
Q00195,0,osdev.org,G00193,train
Q00196,1,coffeecup.com,G00194,train
Q00197,0,purpletrail.com,G00195,train
Q00198,0,owasp.org,G00196,train
Q00199,1,mphusky.com,G00197,val
Q00200,1,p122421.com,G00198,val
Q00201,0,wikipedia.org,G00199,train
Q00202,0,toxel.com,G00200,train
Q00203,0,un.org,G00201,train
Q00204,0,kinopoisk.ru,G00202,train
Q00205,0,finanzen.fr,G00203,val
Q00206,1,costapbn.com,G00204,train
Q00207,1,actionspineandjoint.com,G00205,train
Q00208,1,mfmazetomatrix.com,G00206,train
Q00209,0,victorpest.com,G00207,train
Q00210,1,cort.as,G00208,test
Q00211,0,sensagent.com,G00209,test
Q00212,0,upblisher.com,G00210,train
Q00213,0,icann.org,G00211,train
Q00214,0,dicksonsfarmstand.com,G00212,train
Q00215,1,bradbeckstead.com,G00213,val
Q00216,1,geocities.ws,G00214,test
Q00217,0,birthdayinabox.com,G00215,train
Q00218,0,kotaku.com,G00216,train
Q00219,1,zzux.com,G00217,train
Q00220,0,smith-wesson.com,G00218,train
Q00221,0,camisetassabatini.com.br,G00219,train
Q00222,0,quikset.cz,G00220,val
Q00223,1,binanceofficialdex.com,G00221,train
Q00224,1,weblium.site,G00222,val
Q00225,1,fitch.tv,G00223,test
Q00226,0,ericsingleton.com,G00224,train
Q00227,0,vergleichhandys.de,G00225,train
Q00228,1,afritraders.com,G00138,val
Q00229,0,ldoceonline.com,G00226,train
Q00230,1,imsly.com,G00227,train
Q00231,0,twitter.com,G00228,train
Q00232,1,imsly.com,G00227,train
Q00233,1,ecotaskforce.com,G00229,train
Q00234,1,netlify.app,G00230,test
Q00235,0,productionhub.com,G00231,val
Q00236,1,sindhuratna.com,G00232,test
Q00237,0,thecoolerzone.com,G00233,val
Q00238,1,dx.am,G00234,train
Q00239,0,techtarget.com,G00235,test
Q00240,0,techopedia.com,G00236,train
Q00241,1,inaceinox.pt,G00237,val
Q00242,0,techspot.com,G00238,val
Q00243,0,goodgame.hr,G00239,train
Q00244,1,pinnerx.com,G00240,train
Q00245,0,sheetdownload.com,G00241,test
Q00246,0,caterworth.co.za,G00242,train
Q00247,1,demopage.co,G00243,train
Q00248,0,chungjungone.com,G00244,train
Q00249,1,jjscdc.cn,G00245,train
Q00250,1,lesavik.net,G00246,train
Q00251,0,greenweez.com,G00247,train
Q00252,1,dialoginsight.com,G00248,val
Q00253,0,horniman.ac.uk,G00249,train
Q00254,1,mediaryte.co,G00250,test
Q00255,1,remove-limited-access.com,G00251,train
Q00256,0,kamagrabestellen.nl,G00252,val
Q00257,0,climbingweather.com,G00253,train
Q00258,1,7m.pl,G00254,train
Q00259,1,goepsa.com,G00255,train
Q00260,0,computerhope.com,G00256,train
Q00261,1,p-chem.gr,G00257,train
Q00262,0,consumerreports.org,G00258,val
Q00263,1,i-m.mx,G00259,train
Q00264,1,webcindario.com,G00070,train
Q00265,1,cmanextstep.com,G00260,train
Q00266,0,mailchimp.com,G00261,train
Q00267,0,usedvancouver.com,G00262,train
Q00268,0,animaldiversity.org,G00263,test
Q00269,1,limited-help.com,G00264,train
Q00270,1,banco.net.co,G00265,train
Q00271,1,animatics.co.uk,G00266,train
Q00272,0,tomsguide.com,G00267,train
Q00273,1,174.139.46.123,G00268,train
Q00274,1,life-reboot.club,G00269,train
Q00275,1,reddotarms.com,G00270,train
Q00276,0,cubaverdad.net,G00271,train
Q00277,0,music-for-music-teachers.com,G00272,train
Q00278,1,gameplaylabs.com,G00273,train
Q00279,0,tripadvisor.ru,G00274,train
Q00280,1,imsly.com,G00227,train
Q00281,1,encarnacionhurtado.com,G00093,train
Q00282,0,columbusonlineauctions.com,G00275,train
Q00283,1,illmickelsonbeats.com,G00276,train
Q00284,1,ledger-event.com,G00277,train
Q00285,0,chron.com,G00278,val
Q00286,0,cutiefive.net,G00279,train
Q00287,1,neilmacqueen.com,G00280,train
Q00288,0,cablek.com,G00281,train
Q00289,0,syria.news,G00282,test
Q00290,1,farmerscentre.com.ng,G00283,test
Q00291,1,medicalbi.it,G00284,val
Q00292,1,quke9.com,G00285,train
Q00293,1,webeden.co.uk,G00286,train
Q00294,0,brighttots.com,G00287,train
Q00295,0,csgnetwork.com,G00288,train
Q00296,0,hifimusic.co.il,G00289,test
Q00297,1,macchiashop.it,G00290,train
Q00298,1,midyatmimaritas.com,G00291,train
Q00299,0,msnews.co.kr,G00292,train
Q00300,0,rogerebert.com,G00293,val
Q00301,0,online-convert.com,G00294,train
Q00302,1,ttdancestudio.com,G00295,train
Q00303,1,4dq.com,G00296,train
Q00304,0,j-net.cn,G00297,train
Q00305,1,deref-mail.com,G00298,test
Q00306,1,essentialnotes.in,G00299,train
Q00307,1,huesofgray.com,G00300,train
Q00308,0,autohut.ro,G00301,train
Q00309,0,walmart.com,G00302,test
Q00310,1,aiq.ru,G00303,train
Q00311,1,m9e4.com,G00304,test
Q00312,1,shatorupa.com,G00305,val
Q00313,0,moneyou.at,G00306,test
Q00314,1,201.163.98.162,G00307,train
Q00315,0,wikispaces.com,G00308,train
Q00316,1,webhost4life.com,G00309,test
Q00317,1,applmanager.com,G00310,train
Q00318,1,dacompsc.com,G00311,train
Q00319,1,kisa.link,G00312,train
Q00320,0,wordpress.com,G00313,train
Q00321,1,laviosaviaggi.com,G00314,train
Q00322,0,cbsnews.com,G00315,test
Q00323,0,tignes-spirit.com,G00316,train
Q00324,0,com.ru,G00317,train
Q00325,0,biblegateway.com,G00318,train
Q00326,1,157.240.2.20,G00319,train
Q00327,0,wealthdaily.com,G00320,train
Q00328,1,drucker.com.ar,G00321,train
Q00329,0,instagram.com,G00322,train
Q00330,0,youtube.com,G00323,train
Q00331,0,embl-heidelberg.de,G00324,val
Q00332,1,naidakundurovic.com,G00325,train
Q00333,0,thexfiles.in,G00326,train
Q00334,0,mathworksheets4kids.com,G00327,train
Q00335,1,whydoesntgodhealamputees.com,G00328,train
Q00336,0,qnimate.com,G00329,train
Q00337,0,highspeed-internet-providers.com,G00330,train
Q00338,1,159.203.115.201,G00331,train
Q00339,1,nazwa.pl,G00332,train
Q00340,1,cashat.pro,G00333,train
Q00341,0,name.com,G00334,train
Q00342,1,j.mp,G00335,train
Q00343,0,newmemorialsdirect.com,G00336,train
Q00344,0,courtnic.nic.in,G00337,val
Q00345,1,dotartprinting.com,G00338,test
Q00346,0,rathena.org,G00339,train
Q00347,1,mrbonus.com,G00340,test
Q00348,1,enlaceinmobiliario.cl,G00341,train
Q00349,0,destructoid.com,G00342,train
Q00350,0,icondigital.com,G00343,test
Q00351,0,domenicozaccagna.gov.it,G00344,train
Q00352,1,livewild.co,G00345,train
Q00353,1,givemdiscount.com,G00346,train
Q00354,0,newegg.com,G00347,train
Q00355,0,syr.edu,G00348,train
Q00356,1,sierragaragedoors.pro,G00349,train
Q00357,1,shortest-route.com,G00350,val
Q00358,1,prizesforall.com,G00351,train
Q00359,1,imagelinetech.com,G00170,train
Q00360,0,andash.co.uk,G00352,test
Q00361,0,philosophybasics.com,G00353,train
Q00362,0,newegg.com,G00347,train
Q00363,0,theverge.com,G00354,val
Q00364,0,clipartpanda.com,G00355,train
Q00365,0,geforce.com,G00356,val
Q00366,1,zyns.com,G00296,train
Q00367,0,wisegeek.com,G00357,test
Q00368,1,addpoll.com,G00358,train
Q00369,0,gnu.org,G00359,train
Q00370,1,etecindsvc.com,G00360,train
Q00371,1,zyns.com,G00296,train
Q00372,0,ksn.com,G00361,val
Q00373,1,mystrikingly.com,G00362,train
Q00374,1,scancity.am,G00363,val
Q00375,1,com-devicealert.com,G00364,train
Q00376,0,jacobspillow.org,G00365,val
Q00377,1,prefabbricatipanozzo.it,G00366,train
Q00378,1,e-monsite.com,G00367,val
Q00379,1,acsbap.com,G00368,train
Q00380,1,furmanpartners.ru,G00369,train
Q00381,0,queen-of-theme-party-games.com,G00370,train
Q00382,0,bluesheepdog.com,G00371,test
Q00383,1,nitadecualumni.com,G00372,train
Q00384,1,oldstyle.ro,G00373,train
Q00385,0,guidetoonlineschools.com,G00374,train
Q00386,0,reference.com,G00375,train
Q00387,1,inqserve.com,G00376,train
Q00388,0,planetparfum.com,G00377,train
Q00389,1,sexologistdoctors.com,G00378,val
Q00390,1,clearpointsupplies.com,G00379,test
Q00391,1,jalisco.gob.mx,G00380,val
Q00392,0,yellohvillage.de,G00381,val
Q00393,0,inquirelive.co.uk,G00382,train
Q00394,0,samaco.com.sa,G00383,train
Q00395,0,typenetwork.com,G00384,train
Q00396,1,centromusicalpaternense.es,G00385,train
Q00397,1,blogspot.it,G00386,train
Q00398,0,tuparada.com,G00387,train
Q00399,0,master.com.mx,G00388,train
Q00400,0,ancientegyptonline.co.uk,G00389,train
Q00401,0,apple.com,G00390,train
Q00402,0,sihle.com,G00391,train
Q00403,0,conti.waw.pl,G00392,train
Q00404,0,metro.cz,G00393,test
Q00405,1,min.bz,G00394,test
Q00406,1,22web.org,G00395,val
Q00407,0,ethermanage.com,G00396,train
Q00408,1,sharepoint.com,G00397,train
Q00409,1,seapost.com.ua,G00398,train
Q00410,0,vdoe.de,G00399,train
Q00411,0,homeandlearn.co.uk,G00400,val
Q00412,1,2933517.com,G00401,train
Q00413,0,gyu-kaku.com,G00402,train
Q00414,0,alsako.com,G00403,train
Q00415,1,editey.com,G00404,train
Q00416,0,ftp-mac.com,G00405,train
Q00417,0,historyvshollywood.com,G00406,test
Q00418,0,beowolfproductions.com,G00407,train
Q00419,1,dukhovnist.in.ua,G00186,val
Q00420,0,great-lakes-sailing.com,G00408,val
Q00421,0,huile-de-ricin.fr,G00409,train
Q00422,1,eventhotel.hu,G00410,train
Q00423,0,answers.com,G00159,train
Q00424,1,costaulloa.com,G00093,train
Q00425,1,bellailusi.com.my,G00411,train
Q00426,1,my3-account.com,G00412,train
Q00427,1,granhongo.com,G00413,train
Q00428,1,cicak2.com.au,G00414,train
Q00429,1,laviosaviaggi.com,G00314,train
Q00430,0,dostigator.guru,G00415,test
Q00431,1,vegapages.com,G00416,train
Q00432,1,horstmicket.com,G00417,train
Q00433,0,quick-step.com.au,G00418,train
Q00434,1,monclershop.top,G00419,test
Q00435,1,shadetreetechnology.com,G00420,train
Q00436,1,chinesebiznews.com,G00421,train
Q00437,0,phorsa.com,G00422,train
Q00438,0,linksys.com,G00066,val
Q00439,1,speedonline.fr,G00423,train
Q00440,0,wikisource.org,G00424,train
Q00441,0,hayalimdekiyemekler.com,G00425,train
Q00442,1,bit.ly,G00426,train
Q00443,0,browneyedbaker.com,G00427,val
Q00444,1,org.ru,G00114,train
Q00445,0,cabinetdoorsdepot.com,G00428,train
Q00446,0,bose.fi,G00429,test
Q00447,1,goldcoastships.com,G00430,val
Q00448,0,isp1.us,G00179,train
Q00449,1,officialtobinbell.com,G00431,val
Q00450,0,trainingcesarsway.com,G00432,train
Q00451,1,209.140.29.226,G00433,train
Q00452,0,internationalfood4u.com,G00434,train
Q00453,1,digiprojects.top,G00435,test
Q00454,1,masng.com,G00436,val
Q00455,1,thescrapescape.com,G00437,train
Q00456,0,mnemonicdictionary.com,G00438,train
Q00457,1,artofmine.be,G00439,train
Q00458,1,webador.com,G00440,train
Q00459,0,gadgetzone.com.my,G00441,train
Q00460,0,tritonwear.com,G00442,train
Q00461,0,directlyrics.com,G00443,train
Q00462,0,thinclient.org,G00444,test
Q00463,1,webcindario.com,G00070,train
Q00464,0,multichain.com,G00445,train
Q00465,0,hostingchecker.com,G00446,train
Q00466,0,riverbed.com,G00447,train
Q00467,0,restaurantnatsumi.nl,G00448,test
Q00468,0,gobananas.com,G00449,train
Q00469,0,mgtv.com,G00450,train
Q00470,0,ietf.org,G00035,train
Q00471,0,top20sites.com,G00451,train
Q00472,0,jeyamohan.in,G00452,train
Q00473,1,free.fr,G00453,val
Q00474,1,iza99.com,G00454,val
Q00475,0,hkcfp.org.hk,G00455,train
Q00476,0,allquests.com,G00456,train
Q00477,0,emedicinehealth.com,G00457,train
Q00478,0,recipecommunity.co.uk,G00458,train
Q00479,1,redehost.net,G00459,train
Q00480,1,skechersbuty.com,G00460,train
Q00481,1,justlookapp.com,G00461,train
Q00482,0,komikgue.com,G00462,train
Q00483,0,baconismagic.ca,G00463,val
Q00484,1,joshtobye.com,G00464,train
Q00485,1,tudosobretudo.blog.br,G00465,train
Q00486,0,explained.today,G00466,train
Q00487,0,foxwoods.com,G00467,test
Q00488,0,analyzemath.com,G00468,train
Q00489,0,livestrong.com,G00469,train
Q00490,1,myppbilling-acount.link,G00470,val
Q00491,0,circsource.com,G00471,test
Q00492,1,poweredbydivido.com,G00472,test
Q00493,0,infinitytools.com,G00473,train
Q00494,0,sparmedo.de,G00474,train
Q00495,0,cel.ro,G00475,train
Q00496,1,malibuhomesaz.com,G00476,val
Q00497,0,ademforcongress.com,G00477,train
Q00498,1,three-gb.com,G00478,train
Q00499,0,gizmodo.com,G00479,train
Q00500,1,afghancuisine.com.au,G00480,train
Q00501,0,umsl.edu,G00481,train
Q00502,0,uratex.com.ph,G00482,train
Q00503,1,cndoubleegret.com,G00483,test
Q00504,1,addressingtheunaddressedindiafoundation.com,G00484,train
Q00505,1,zabor-vn.com,G00485,train
Q00506,1,eset-store.gr,G00486,train
Q00507,0,hbs.edu,G00487,train
Q00508,1,caspianglobalservices.com,G00488,train
Q00509,1,evrognosi.gr,G00489,val
Q00510,0,ajdesigner.com,G00490,train
Q00511,0,wozwaardeloket.nl,G00491,train
Q00512,0,networksecuritytoolkit.org,G00492,val
Q00513,1,denisehowells.com.au,G00493,train
Q00514,1,web.app,G00494,train
Q00515,1,kshconsultingllc.com,G00495,train
Q00516,0,leihdeinerumweltgeld.de,G00496,train
Q00517,0,ietf.org,G00035,train
Q00518,1,profelectrik.ru,G00497,train
Q00519,1,my-free.website,G00498,train
Q00520,1,mainehomeconnection.com,G00499,train
Q00521,0,ultimate-guitar.com,G00500,train
Q00522,1,1drv.ms,G00501,train
Q00523,0,medicalert.org,G00502,train
Q00524,0,papermasters.com,G00503,train
Q00525,0,scan.dk,G00504,train
Q00526,0,vttl.be,G00505,test
Q00527,0,wisegeek.com,G00357,test
Q00528,0,price2india.com,G00506,val
Q00529,1,mastersndogs.ca,G00507,train
Q00530,1,bugsliker.net,G00508,train
Q00531,1,kjsa.com,G00509,test
Q00532,0,ksksgravenwezelschilde.be,G00510,test
Q00533,0,maepdx.com,G00511,train
Q00534,0,mahoraisedeseaux.com,G00512,train
Q00535,1,vktheme.ru,G00513,train
Q00536,1,webcindario.com,G00070,train
Q00537,0,reserveamerica.com,G00514,train
Q00538,0,techhive.com,G00515,train
Q00539,1,vieuxshack.com,G00516,test
Q00540,0,slideshare.net,G00517,train
Q00541,1,kkumag.hr,G00518,val
Q00542,1,meetme.run,G00117,train
Q00543,1,cwa4501.org,G00519,train
Q00544,1,yovcxm.com,G00520,test
Q00545,0,barcoderobot.com,G00521,train
Q00546,0,conceptcarz.com,G00522,train
Q00547,1,authorcheck.com,G00523,train
Q00548,1,byefree.org,G00524,train
Q00549,1,dkwheels.com.br,G00525,train
Q00550,0,pfsense.org,G00526,train
Q00551,0,stdcheck.com,G00527,train
Q00552,0,shippingandfreightresource.com,G00528,train
Q00553,1,csb.app,G00529,train
Q00554,0,powershow.com,G00530,test
Q00555,1,ninjamarketingman.com,G00531,train
Q00556,1,babyloweb.eu,G00532,val
Q00557,1,gpshyampur.org.in,G00533,train
Q00558,0,acbl.org,G00534,train
Q00559,1,arqsys.srv.br,G00535,train
Q00560,0,duke.edu,G00536,train
Q00561,1,appspot.com,G00094,train
Q00562,0,stackexchange.com,G00537,train
Q00563,0,gamepedia.com,G00538,train
Q00564,0,worldbank.org,G00539,train
Q00565,1,kenaidanceta.com,G00180,test
Q00566,1,tgraph.io,G00540,train
Q00567,0,innovativephp.com,G00541,train
Q00568,1,jrzoutsourcingservices.com,G00542,val
Q00569,0,deerberg.de,G00543,train
Q00570,1,long-term-service.com,G00544,test
Q00571,1,funeo.com,G00083,test
Q00572,1,gsk-mozirje.si,G00545,train
Q00573,1,growthprotocol.com,G00546,val
Q00574,0,bart.la,G00547,test
Q00575,1,evernote.com,G00548,test
Q00576,0,wiktionary.org,G00549,val
Q00577,1,cfccorp.net,G00550,train
Q00578,1,eanswers.com,G00551,train
Q00579,1,pwsportal.nl,G00552,val
Q00580,1,1drv.ms,G00501,train
Q00581,1,leaddogweb.com,G00129,test
Q00582,1,surfeventsco.com,G00553,test
Q00583,0,sublimefrequencies.com,G00554,train
Q00584,0,budsas.org,G00555,train
Q00585,0,mp3clan.com,G00556,test
Q00586,1,vape-town.ca,G00557,test
Q00587,1,3.ly,G00558,train
Q00588,0,beeradvocate.com,G00559,train
Q00589,0,calciodonne.it,G00560,train
Q00590,1,workpump.com,G00266,train
Q00591,0,zillow.com,G00561,train
Q00592,1,vercel.app,G00562,train
Q00593,1,accofestival.co.il,G00563,val
Q00594,1,drrhau.com.au,G00090,val
Q00595,0,turtletrader.com,G00564,train
Q00596,1,citieid.com,G00565,train
Q00597,1,salomostichting.nl,G00566,train
Q00598,0,tomsguide.com,G00267,train
Q00599,0,douglas.pl,G00567,train
Q00600,0,eurogamer.net,G00568,train
Q00601,0,powerhome.jp,G00569,train
Q00602,0,phprs.com.br,G00570,train
Q00603,1,aegisredmedia.com,G00571,train
Q00604,1,irzaknetwork.org,G00572,val
Q00605,1,108.166.202.103,G00573,test
Q00606,1,typeform.com,G00574,train
Q00607,1,afterlivre.com,G00575,train
Q00608,0,google.com.et,G00576,train
Q00609,1,booktobi.com,G00577,train
Q00610,1,yasmijnwestenberg.nl,G00552,val
Q00611,0,hospitalitydnb.com,G00578,val
Q00612,0,trurodaily.com,G00579,test
Q00613,1,my-free.website,G00498,train
Q00614,1,fndsdaytings.com,G00580,train
Q00615,1,shadetreetechnology.com,G00420,train
Q00616,1,twowheelcool.com,G00581,test
Q00617,1,annikasangster.info,G00582,train
Q00618,0,schorrlaw.com,G00583,train
Q00619,0,spelbutiken.se,G00584,train
Q00620,1,theclimatemakers.com,G00585,test
Q00621,1,blogspot.be,G00586,train
Q00622,0,globalsecurity.org,G00587,train
Q00623,0,powerrangerssamurai.org,G00588,train
Q00624,1,azurewebsites.net,G00589,train
Q00625,1,detes.sk,G00360,train
Q00626,1,paramadina.web.id,G00590,train
Q00627,1,ultimateislandguide.com,G00591,test
Q00628,0,connectify.me,G00592,train
Q00629,1,whodigital.com,G00593,test
Q00630,0,skytel.mn,G00594,train
Q00631,1,ht.ly,G00595,val
Q00632,0,esen.tn,G00596,val
Q00633,1,216.222.194.94,G00597,train
Q00634,0,wearethecity.com,G00598,train
Q00635,0,todayshomeowner.com,G00599,train
Q00636,1,arushaone.co.tz,G00600,train
Q00637,1,heartstrongyoga.com,G00601,train
Q00638,0,canon-europe.com,G00602,test
Q00639,1,leadsrus.co,G00603,train
Q00640,1,netsolhost.com,G00604,train
Q00641,0,computerworld.com,G00605,train
Q00642,0,deloitte.com,G00606,val
Q00643,1,pinnerx.com,G00240,train
Q00644,1,psykologidialog.dk,G00607,train
Q00645,1,fairilyused.com,G00608,val
Q00646,0,panduit.com,G00609,train
Q00647,0,taxydromiki.com,G00610,train
Q00648,1,surge.sh,G00611,train
Q00649,1,gruposumar.com.ar,G00612,val
Q00650,1,cloudaccess.host,G00613,train
Q00651,1,w3stco.com,G00614,train
Q00652,1,gradshower.com,G00615,val
Q00653,1,dichvuvnpt.com,G00616,train
Q00654,1,my-free.website,G00498,train
Q00655,0,altiusdirectory.com,G00617,train
Q00656,1,astroresidential.co.uk,G00618,train
Q00657,1,rf.gd,G00619,test
Q00658,0,softpedia.com,G00620,train
Q00659,0,kfc.com.au,G00621,train
Q00660,0,dadcooksdinner.com,G00622,train
Q00661,0,philedmonds.com,G00623,train
Q00662,1,orderpps.xyz,G00624,train
Q00663,0,easternflorida.edu,G00625,train
Q00664,1,vilanovacenter.com,G00626,train
Q00665,1,gogoanime1.net,G00627,train
Q00666,0,autobytel.com,G00628,train
Q00667,1,nixtechnix.com,G00629,train
Q00668,0,opensourceecology.org,G00112,train
Q00669,0,orafaq.com,G00630,test
Q00670,0,marketingteacher.com,G00631,test
Q00671,1,loledco.com,G00632,train
Q00672,0,academic.ru,G00633,train
Q00673,0,quilt.com,G00634,train
Q00674,0,iscriba.com,G00635,train
Q00675,0,funeral-urn.com,G00636,train
Q00676,1,pagonidis.gr,G00637,train
Q00677,0,smartinsights.com,G00638,train
Q00678,0,wikihow.com,G00639,val
Q00679,1,btinternetservice.com,G00640,val
Q00680,1,agwa.cl,G00641,train
Q00681,1,donplitka.in.ua,G00078,train
Q00682,0,dcrainmaker.com,G00642,train
Q00683,1,patriothost.net,G00643,test
Q00684,1,moonfruit.com,G00190,train
Q00685,1,steamproxy.net,G00644,train
Q00686,1,infinitytv.com.co,G00645,train
Q00687,1,assurance-amlfrance.com,G00005,train
Q00688,1,lifetimeconx.com,G00646,train
Q00689,1,thescrapescape.com,G00437,train
Q00690,0,google.nu,G00647,test
Q00691,0,assessment911.co.za,G00648,train
Q00692,0,thefreedictionary.com,G00649,train
Q00693,1,syn3x.com,G00650,train
Q00694,1,alsolimangroup.com,G00651,train
Q00695,1,amberexpeditions.com,G00652,train
Q00696,0,lyrsense.com,G00653,train
Q00697,1,icyte.com,G00654,train
Q00698,0,thewebsiteofeverything.com,G00655,val
Q00699,0,zen.co.uk,G00656,val
Q00700,1,smartlifeaustralia.com,G00657,test
Q00701,1,tmdl.pro,G00658,train
Q00702,0,sirc.org,G00659,train
Q00703,1,eaurbeauty.com,G00660,train
Q00704,0,chacabuquero.com.ar,G00661,train
Q00705,1,ambrosecourt.com,G00662,test
Q00706,0,yahoo.com,G00033,val
Q00707,0,pcang.com,G00663,test
Q00708,0,onlinesbi.com,G00664,train
Q00709,0,cinemaguys.com,G00665,train
Q00710,0,pariyatti.org,G00666,test
Q00711,1,kongrespdgi.com,G00667,train
Q00712,0,mckinsey.com,G00668,train
Q00713,0,techcrunch.com,G00669,train
Q00714,0,weebly.com,G00670,train
Q00715,0,lastingredient.com,G00671,train
Q00716,1,mobiliablog.com.au,G00672,train
Q00717,0,famousfix.com,G00673,train
Q00718,0,azurewebsites.net,G00589,train
Q00719,1,mintubrar.com,G00674,train
Q00720,0,tutorialspoint.com,G00675,train
Q00721,1,evoadministrador.com,G00676,train
Q00722,0,answers.com,G00159,train
Q00723,1,stereovision.biz,G00677,test
Q00724,1,stroymaster.dp.ua,G00678,train
Q00725,0,pcworld.com,G00679,val
Q00726,0,brainmetrix.com,G00680,test
Q00727,0,gettyimages.com,G00681,train
Q00728,0,solitariospider.es,G00682,train
Q00729,0,microsoft.com,G00683,val
Q00730,0,babylon-software.com,G00684,train
Q00731,0,techtarget.com,G00235,test
Q00732,0,scrambled-o.com,G00685,train
Q00733,0,rankw.ru,G00686,test
Q00734,1,secppal.xyz,G00687,train
Q00735,0,karaoke-lyrics.net,G00688,val
Q00736,1,lenagruessdich.net,G00689,train
Q00737,1,simply-winspace.it,G00690,train
Q00738,0,netflix.com,G00691,val
Q00739,0,wisegeek.com,G00357,test
Q00740,0,superteacherworksheets.com,G00692,test
Q00741,1,dynamic-dns.net,G00693,val
Q00742,0,amagyartermek.hu,G00694,val
Q00743,0,libero.it,G00695,train
Q00744,0,npmjs.com,G00696,train
Q00745,0,altervista.org,G00697,val
Q00746,0,iperbole.bologna.it,G00698,train
Q00747,0,redlaika.ru,G00699,test
Q00748,1,gasecurity.com.ar,G00700,train
Q00749,1,stationality.com,G00296,train
Q00750,1,wz.cz,G00701,val
Q00751,1,propertyform.in,G00702,val
Q00752,1,github.io,G00703,test
Q00753,0,google.co.in,G00704,train
Q00754,1,surge.sh,G00611,train
Q00755,0,fiber-optic-tutorial.com,G00705,val
Q00756,1,rastreomoderno.com,G00706,train
Q00757,1,yolikers.com,G00707,train
Q00758,0,idocall.com,G00708,train
Q00759,1,kenaidanceta.com,G00180,test
Q00760,1,kidscoloringpdf.com,G00709,train
Q00761,0,at.ua,G00710,train
Q00762,0,techmesto.com,G00711,val
Q00763,1,williampermuysalon.com,G00712,train
Q00764,1,budgetbots.com,G00713,test
Q00765,1,tinyurl.com,G00714,train
Q00766,1,yanddcleaning.com.au,G00715,val
Q00767,1,rudiguvenlik.com,G00360,train
Q00768,0,setuprouter.com,G00716,train
Q00769,1,web.app,G00494,train
Q00770,0,die.net,G00717,test
Q00771,1,kovolem.cz,G00718,train
Q00772,1,nicolettescatering.com,G00719,test
Q00773,1,9e.cz,G00720,val
Q00774,0,brother.com,G00721,train
Q00775,0,subnet-calculator.com,G00722,train
Q00776,1,thapthan.ac.th,G00723,train
Q00777,1,statictab.com,G00724,train
Q00778,0,solaripedia.com,G00725,train
Q00779,0,onlineradiotuner.com,G00726,train
Q00780,0,zeus-alarm.at,G00727,train
Q00781,0,audioenglish.org,G00728,val
Q00782,0,ideo.com,G00729,val
Q00783,0,merriam-webster.com,G00730,train
Q00784,0,valcom.com,G00731,train
Q00785,1,mosquito-digital.com,G00732,train
Q00786,0,wikiquote.org,G00733,train
Q00787,0,toptenreviews.com,G00734,val
Q00788,1,colegiopatagonia.cl,G00735,train
Q00789,0,puzzlair.co.uk,G00736,train
Q00790,1,thebestcontents.info,G00737,train
Q00791,1,andreamigliaccio.it,G00738,val
Q00792,0,learningandthebrain.com,G00739,train
Q00793,1,sportsmentaltoughnesscoach.com.au,G00740,train
Q00794,0,ondecksports.com,G00741,val
Q00795,0,filmandfriends.com,G00742,train
Q00796,0,narod.ru,G00743,train
Q00797,1,didaktikelectronic.sk,G00744,test
Q00798,1,yolasite.com,G00745,train
Q00799,0,litchfieldstation.com,G00746,train
Q00800,0,the-alcoholism-guide.org,G00747,train
Q00801,1,typeform.com,G00574,train
Q00802,0,site2design.ir,G00234,train
Q00803,0,ncsoft.com,G00748,val
Q00804,1,bliss-system20.com,G00749,train
Q00805,0,canterbury.co.uk,G00750,train
Q00806,0,louisiana.gov,G00751,test
Q00807,1,isabellacano.com,G00752,train
Q00808,0,z.com,G00753,train
Q00809,0,straighttalkforthesoul.com,G00754,train
Q00810,1,cutt.ly,G00018,train
Q00811,0,armeriaegara.com,G00755,train
Q00812,1,christmascartoons.org,G00756,test
Q00813,0,depicus.com,G00757,train
Q00814,1,mysummercamps.com,G00758,train
Q00815,1,tradefactsltd.co.uk,G00759,test
Q00816,1,unitus.mk.ua,G00760,train
Q00817,1,myppbilling-acount.link,G00470,val
Q00818,1,cloudvirtualoffice.com,G00761,test
Q00819,1,eyrehead.com,G00762,train
Q00820,1,cassa7c.com,G00763,train
Q00821,0,online-tech-tips.com,G00764,train
Q00822,1,detarros.com,G00765,train
Q00823,0,dpreview.com,G00766,train
Q00824,0,cmxcinemas.com,G00767,train
Q00825,0,armstronggarden.com,G00768,train
Q00826,1,csb.app,G00529,train
Q00827,1,werhawslink.com,G00769,train
Q00828,0,allinterview.com,G00770,train
Q00829,0,gettyimages.com,G00681,train
Q00830,1,lightlink.com.cn,G00771,train
Q00831,0,faribaulthd.com,G00772,train
Q00832,0,allrecipes.com,G00773,train
Q00833,0,livesoccertv.com,G00774,train
Q00834,0,digikey.com,G00775,val
Q00835,0,demarini.com,G00776,test
Q00836,0,chron.com,G00278,val
Q00837,1,waterloooptical.com,G00777,train
Q00838,0,danielbranch.com,G00778,train
Q00839,1,tqbadr.com,G00779,train
Q00840,0,discovery.com,G00780,train
Q00841,0,unmannedtechshop.co.uk,G00781,train
Q00842,1,newconnectbiblestudy.com,G00782,train
Q00843,0,tri.co.id,G00783,train
Q00844,0,bakerypublishing.com,G00784,val
Q00845,0,explainthatstuff.com,G00785,val
Q00846,0,lparetail.com,G00786,test
Q00847,1,smvi.co,G00787,train
Q00848,1,moonfruit.com,G00190,train
Q00849,0,gamereactor.se,G00788,train
Q00850,1,disq.us,G00789,train
Q00851,0,umich.edu,G00790,val
Q00852,0,used-auto-transmissions.com,G00791,train
Q00853,0,gigsalad.com,G00792,test
Q00854,0,mynamenecklace.sg,G00793,val
Q00855,1,myutilitydomain.com,G00794,train
Q00856,1,roseannstreasures1.com,G00795,val
Q00857,0,artistrybysonny.com,G00796,test
Q00858,0,mathportal.org,G00797,test
Q00859,1,a2ip.ru,G00184,test
Q00860,0,slope-mower.com,G00798,train
Q00861,0,ethereum.org,G00799,train
Q00862,0,sexfreedomtube.com,G00800,train
Q00863,1,zaimlimit.ru,G00801,train
Q00864,1,detes.sk,G00360,train
Q00865,0,leyendas.gob.pe,G00802,test
Q00866,0,immobiliereroseland.fr,G00803,train
Q00867,1,citrulline.fr,G00804,train
Q00868,0,dermatoglyphics.org,G00805,train
Q00869,1,inbioma.pe,G00806,train
Q00870,0,academic.ru,G00633,train
Q00871,1,123formbuilder.com,G00807,train
Q00872,1,check-security-team.com,G00808,train
Q00873,1,czweb.org,G00809,train
Q00874,0,cornell.edu,G00810,test
Q00875,0,serverfault.com,G00811,train
Q00876,0,bu.edu,G00812,test
Q00877,0,pearsoned.co.uk,G00813,train
Q00878,0,answers.com,G00159,train
Q00879,1,sospesonelverde.it,G00814,train
Q00880,1,xn--b1amvejg.com,G00815,train
Q00881,1,subsapp.com,G00816,train
Q00882,1,ivanidzakovic.com,G00817,val
Q00883,1,tabloupersonalizat.ro,G00818,test
Q00884,0,aubert.com,G00819,val
Q00885,1,mfmazetomatrix.com,G00206,train
Q00886,0,enotes.com,G00820,train
Q00887,1,jjrenovationmart.com,G00821,train
Q00888,0,railserve.com,G00822,train
Q00889,0,portadelaidefc.com.au,G00823,train
Q00890,1,home.pl,G00824,train
Q00891,1,bullwinsconfecciones.com,G00825,train
Q00892,0,softpedia.com,G00620,train
Q00893,0,all-size-paper.com,G00826,train
Q00894,0,mousebreaker.com,G00827,train
Q00895,1,riepilogodati.info,G00828,train
Q00896,0,harvard.edu,G00829,test
Q00897,1,udagwebspace.de,G00830,train
Q00898,0,apple.com,G00390,train
Q00899,0,gotquestions.org,G00831,train
Q00900,0,newsrimini.it,G00832,train
Q00901,1,ustore.bg,G00833,train
Q00902,1,ru.com,G00834,train
Q00903,0,iran-hologram.com,G00835,train
Q00904,0,noaa.gov,G00836,train
Q00905,1,hotwheelsgarage.gr,G00837,train
Q00906,1,engetronics.com.br,G00838,train
Q00907,0,wikia.com,G00839,train
Q00908,1,redhillaccountants.com.au,G00840,train
Q00909,1,assurance-amlfrance.com,G00005,train
Q00910,1,sloaneandhyde.com,G00841,train
Q00911,1,erkankaratas.com.tr,G00842,train
Q00912,1,mudanzassuarez.com,G00266,train
Q00913,1,stortrk.com,G00843,test
Q00914,0,ping.eu,G00844,train
Q00915,0,addictivetips.com,G00845,test
Q00916,0,sharon-mann.com,G00846,train
Q00917,1,mentalhealthconsulting.com.au,G00847,val
Q00918,1,j.gs,G00848,train
Q00919,1,box.com,G00849,train
Q00920,1,zioras.pl,G00850,train
Q00921,1,arrowcase.com,G00851,train
Q00922,0,templestudy.com,G00852,train
Q00923,0,ncefl.org.uk,G00853,val
Q00924,0,bestofsampleresume.com,G00854,train
Q00925,1,homespottersf.com,G00855,train
Q00926,0,yahoo.com,G00033,val
Q00927,0,newcommunities.ie,G00856,train
Q00928,0,govcert.cz,G00857,train
Q00929,1,jigsy.com,G00858,test
Q00930,1,tradefactsltd.co.uk,G00759,test
Q00931,1,prize400.info,G00859,train
Q00932,1,mobiliablog.com.au,G00672,train
Q00933,1,174.139.46.123,G00268,train
Q00934,0,get-piano-lessons.com,G00860,train
Q00935,0,ibm.com,G00861,train
Q00936,0,designboom.com,G00862,train
Q00937,1,m-aut.ru,G00863,train
Q00938,0,booooooom.com,G00864,test
Q00939,1,jangansedihdandiam.com,G00865,test
Q00940,1,bayoucitybadges.org,G00866,train
Q00941,1,rbcmontgomery.com,G00867,train
Q00942,0,ebay.co.uk,G00868,test
Q00943,1,slashoffers.de,G00869,train
Q00944,1,143.95.251.183,G00870,train
Q00945,1,scuolascigressoney.net,G00871,train
Q00946,1,hausbau.rs,G00872,train
Q00947,1,littlee.com.au,G00873,train
Q00948,0,manageengine.com,G00874,test
Q00949,1,at.ua,G00710,train
Q00950,1,homeinvest.com.pl,G00875,train
Q00951,0,cryptopanic.com,G00876,test
Q00952,1,monclovanews.com,G00877,val
Q00953,0,idionline.org,G00878,train
Q00954,1,brilliantbokeh.com,G00879,val
Q00955,1,nouvelle-aquitaine.pro,G00880,val
Q00956,1,yetpack.com,G00881,val
Q00957,0,rhenus.com,G00882,val
Q00958,0,nhprice.com,G00883,test
Q00959,1,etigroup.az,G00884,train
Q00960,0,scribd.com,G00885,train
Q00961,0,life4news.ru,G00886,train
Q00962,1,9m.no,G00887,train
Q00963,0,windytan.com,G00888,train
Q00964,1,149.210.143.165,G00889,train
Q00965,1,topfoodseafood.com,G00890,val
Q00966,0,rondebruin.nl,G00891,test
Q00967,0,visual-paradigm.com,G00892,test
Q00968,0,linksys.com,G00066,val
Q00969,0,clarias.pl,G00893,train
Q00970,0,tips4pc.com,G00894,train
Q00971,1,services-and-support.com,G00895,test
Q00972,0,internetslang.com,G00896,val
Q00973,0,sensagent.com,G00209,test
Q00974,1,imited-login.com,G00897,val
Q00975,0,wrestlingattitude.com,G00898,val
Q00976,0,dictionarist.com,G00899,val
Q00977,1,applmanager.com,G00310,train
Q00978,1,sushmagp.com,G00900,val
Q00979,1,kunstpris.dk,G00901,train
Q00980,0,instagram.com,G00322,train
Q00981,0,bathardcore.com,G00902,train
Q00982,1,gradshower.com,G00615,val
Q00983,0,online-tech-tips.com,G00764,train
Q00984,0,fas.org,G00903,train
Q00985,0,ultimateturkiye.com,G00904,train
Q00986,0,bastelitis.de,G00905,val
Q00987,1,duilawyeryork.com,G00906,test
Q00988,1,lachambredezoe.fr,G00907,val
Q00989,0,tech-faq.com,G00908,train
Q00990,0,blogsky.com,G00909,val
Q00991,1,madsuka.com,G00910,train
Q00992,0,grantwatch.com,G00911,train
Q00993,1,keramikadecor.com.ua,G00912,train
Q00994,1,zanox.com,G00913,val
Q00995,0,oracle.com,G00914,val
Q00996,1,joshtobye.com,G00464,train
Q00997,0,probex.ee,G00915,train
Q00998,1,ata22.ir,G00916,train
Q00999,0,britannica.com,G00917,test
Q01000,0,ghbook.ir,G00918,train
Q01001,0,cdta.org,G00919,train
Q01002,0,dxzone.com,G00920,test
Q01003,0,linearprogramming.info,G00921,train
Q01004,0,savers.com,G00922,train
Q01005,0,mtu.edu,G00923,test
Q01006,1,diendicure.mk,G00924,train
Q01007,1,chiarabernardi.it,G00925,train
Q01008,1,somee.com,G00926,train
Q01009,0,mathworksheets4kids.com,G00327,train
Q01010,0,gameflare.com,G00927,train
Q01011,1,duilawyeryork.com,G00906,test
Q01012,1,js-freedom.com,G00928,train
Q01013,0,gayhotmovies.com,G00929,train
Q01014,0,aeroversand.de,G00930,train
Q01015,0,slideserve.com,G00931,train
Q01016,0,jewelrythatmatters.com,G00932,train
Q01017,1,webador.com,G00440,train
Q01018,0,ex-prom.ru,G00933,val
Q01019,0,investorwords.com,G00934,train
Q01020,0,wikimedia.org,G00935,val
Q01021,0,microsoft.com,G00683,val
Q01022,0,trovit.com,G00936,train
Q01023,0,freemake.com,G00937,train
Q01024,1,moonfruit.com,G00190,train
Q01025,1,addressingtheunaddressedindiafoundation.com,G00484,train
Q01026,1,gradshower.com,G00615,val
Q01027,0,smartenergysolutions.co.nz,G00938,train
Q01028,1,yanddcleaning.com.au,G00715,val
Q01029,1,motomach3.cz,G00939,train
Q01030,1,panelchidet.com,G00940,train
Q01031,0,nicasiabank.com,G00941,test
Q01032,1,order2019.com,G00942,val
Q01033,0,latam.com,G00943,train
Q01034,0,dickssportinggoods.com,G00944,train
Q01035,1,automoves-halifax.com,G00945,val
Q01036,0,heritagedaily.com,G00946,test
Q01037,0,openmodelica.org,G00947,train
Q01038,1,antz.co.in,G00948,train
Q01039,0,unsw.co,G00949,train
Q01040,1,redwhite.tj,G00950,train
Q01041,1,licogi18.com.vn,G00951,train
Q01042,0,optus.com.au,G00952,train
Q01043,1,redeabreu.com.br,G00953,train
Q01044,1,topfoodseafood.com,G00890,val
Q01045,1,qiein.com,G00954,train
Q01046,0,cnc-club.ru,G00955,train
Q01047,0,ubalt.edu,G00956,train
Q01048,0,fantasycastlebooks.com,G00957,val
Q01049,0,newsnow.co.uk,G00958,train
Q01050,0,payscale.com,G00959,test
Q01051,1,digitaloceanspaces.com,G00960,train
Q01052,0,dewilgo.de,G00961,train
Q01053,1,impsa.com.mx,G00962,train
Q01054,1,brfbadssecrsavrdskl.my.id,G00963,train
Q01055,1,sierragaragedoors.pro,G00349,train
Q01056,1,campisicorradomichele.com,G00964,train
Q01057,1,filetransfer.io,G00965,train
Q01058,1,bit.do,G00966,train
Q01059,0,behance.net,G00967,train
Q01060,1,desdeelamor.com,G00968,test
Q01061,1,teknik-bilgi.com,G00969,test
Q01062,1,net2care.com,G00097,train
Q01063,1,powr.io,G00970,train
Q01064,1,impotspublicservice.com,G00971,val
Q01065,1,annuaire-opticien.com,G00972,train
Q01066,1,mowitos.info,G00973,train
Q01067,0,cigars-of-cuba.com,G00974,val
Q01068,0,docontherun.com,G00975,train
Q01069,0,hojmark.dk,G00976,val
Q01070,0,germaniainternational.com,G00977,train
Q01071,1,east38.com,G00978,train
Q01072,0,aikido.org.au,G00979,train
Q01073,1,i-m.mx,G00259,train
Q01074,0,cnn.com,G00115,train
Q01075,0,crimescene-forensics.com,G00980,train
Q01076,0,onepa.sg,G00981,train
Q01077,0,thebodyguardmusical.com,G00982,test
Q01078,0,sciencebuddies.org,G00983,test
Q01079,0,newworldencyclopedia.org,G00984,train
Q01080,0,unep-wcmc.org,G00985,val
Q01081,1,applmanager.com,G00310,train
Q01082,0,srnonline.com,G00986,train
Q01083,0,markus-oehler.it,G00987,train
Q01084,1,netlify.app,G00230,test
Q01085,0,madehow.com,G00988,train
Q01086,0,nbcsports.com,G00989,train
Q01087,1,xn--blockchin-c2d.com,G00990,train
Q01088,0,fogartywinery.com,G00991,test
Q01089,0,aakb.dk,G00992,train
Q01090,1,conyers.org,G00993,train
Q01091,1,blogspot.be,G00586,train
Q01092,0,gbo-service.in.ua,G00994,train
Q01093,1,caritas.pl,G00995,train
Q01094,1,amv.org.mx,G00996,train
Q01095,1,imgbox.com,G00997,train
Q01096,0,dizzystreams.com,G00998,train
Q01097,0,pdx.edu,G00999,train
Q01098,0,acsportsacademy.com,G01000,train
Q01099,1,pifighter.com,G01001,train
Q01100,0,appshopper.com,G01002,train
Q01101,1,poolscalifornia.top,G01003,test
Q01102,0,tennisactu.net,G01004,train
Q01103,1,jikatel.com,G01005,train
Q01104,1,mccarthyelectrical.com,G01006,train
Q01105,1,cbjets.com,G01007,train
Q01106,0,cellarpass.com,G01008,train
Q01107,1,pp.ua,G01009,train
Q01108,0,aixlesbains.fr,G01010,train
Q01109,0,stackexchange.com,G00537,train
Q01110,0,maketecheasier.com,G01011,train
Q01111,1,temporary.link,G01012,train
Q01112,0,conetix.com.au,G01013,train
Q01113,1,tenetmx.com,G01014,test
Q01114,1,stolizaparketa.ru,G01015,train
Q01115,0,wikiwand.com,G01016,test
Q01116,1,fr.nf,G01017,train
Q01117,0,4allmemory.com,G01018,train
Q01118,0,grands-meres.net,G01019,train
Q01119,0,iptvlinkusa.com,G01020,train
Q01120,0,arxiv.org,G01021,val
Q01121,0,lot45bushwick.com,G01022,train
Q01122,0,alexander-tumanov.name,G01023,train
Q01123,0,pcmag.com,G01024,train
Q01124,1,capital-it.eu,G01025,train
Q01125,1,dtbatna.com,G01026,train
Q01126,0,networking-basics.net,G01027,train
Q01127,0,myconnectionserver.com,G01028,train
Q01128,0,scilearn.com,G01029,train
Q01129,0,lissyara.su,G01030,val
Q01130,0,wikidot.com,G01031,test
Q01131,0,quotes-inspirational.com,G01032,train
Q01132,1,bpl.kr,G01033,test
Q01133,1,cittainfinite.eu,G01034,train
Q01134,0,altervista.org,G00697,val
Q01135,1,cam.exposed,G01035,train
Q01136,0,omnicalculator.com,G01036,train
Q01137,0,umnie-deti.com.ua,G01037,train
Q01138,0,breeze.pm,G01038,test
Q01139,0,routeralley.com,G01039,train
Q01140,1,free.fr,G00453,val
Q01141,0,liveatspencer68.com,G01040,train
Q01142,1,allaboutchris.com,G01041,train
Q01143,0,gadgetreview.com,G01042,train
Q01144,1,web894.com,G01043,train
Q01145,0,mathwords.com,G01044,val
Q01146,1,laviosaviaggi.com,G00314,train
Q01147,0,autoobsessed.com,G01045,val
Q01148,0,itv.com,G01046,train
Q01149,0,pun.pl,G01047,train
Q01150,1,instohelp.com,G01048,train
Q01151,1,pfsoftware.in,G01049,val
Q01152,0,calculator.net,G01050,train
Q01153,1,serenadeofsouls.com,G01051,train
Q01154,1,interestingfurniture.com,G01052,val
Q01155,1,midyatmimaritas.com,G00291,train
Q01156,0,umcutrecht.nl,G01053,test
Q01157,0,autoeurope.com,G01054,train
Q01158,0,wipaire.com,G01055,train
Q01159,0,automotivetouchup.com,G01056,train
Q01160,1,67.199.68.195,G01057,train
Q01161,0,ecswire.com,G01058,train
Q01162,1,poorlydrawnlines.com,G01059,val
Q01163,0,imdb.com,G01060,val
Q01164,1,spelectric.co.in,G01061,train
Q01165,0,dspro.de,G01062,train
Q01166,0,internetslang.com,G00896,val
Q01167,1,intnet.mu,G01063,train
Q01168,1,acess24hrsportal.com,G01064,train
Q01169,0,techtarget.com,G00235,test
Q01170,0,babylon-software.com,G00684,train
Q01171,1,trafftraff.com,G01065,train
Q01172,1,wikaba.com,G00296,train
Q01173,0,dnalc.org,G01066,train
Q01174,0,bodytechclub.com,G01067,train
Q01175,1,dothome.co.kr,G00360,train
Q01176,1,justns.ru,G01068,train
Q01177,0,101domain.com,G01069,train
Q01178,1,mcsquareintl.com,G01070,val
Q01179,1,santarms.com,G01071,test
Q01180,1,mxmsolucoesambientais.com.br,G01072,train
Q01181,1,cloudfront.net,G01073,test
Q01182,0,businessdictionary.com,G01074,train
Q01183,1,elisashopping.gq,G01075,test
Q01184,0,allproducts.com,G01076,train
Q01185,1,mailcontrol.com,G01077,test
Q01186,1,zohard.com,G01078,val
Q01187,0,nasa.gov,G01079,train
Q01188,1,evostore.com.np,G01080,test
Q01189,1,phoneidtw.com,G01081,train
Q01190,1,wsodqa.com,G01082,train
Q01191,1,ezoomeranggrow.com,G01083,train
Q01192,0,listia.com,G01084,val
Q01193,1,typeform.com,G00574,train
Q01194,1,vipshop.ru,G01085,val
Q01195,1,gbw3d.pl,G01086,train
Q01196,0,tntsuperfantastic.com,G01087,train
Q01197,0,maxxim.de,G01088,test
Q01198,1,stolizaparketa.ru,G01015,train
Q01199,0,piromarket.com.ua,G01089,train
Q01200,0,philbride.com,G01090,train
Q01201,0,digikey.com,G00775,val
Q01202,1,123formbuilder.com,G00807,train
Q01203,0,streeflandhoa.com,G01091,train
Q01204,0,opentable.ae,G01092,train
Q01205,1,skyfencenet.com,G01093,train
Q01206,0,bodyguardcareers.com,G01094,train
Q01207,1,bpl.kr,G01033,test
Q01208,1,vivendodeapostas.com,G01095,train
Q01209,1,office.com,G00110,train
Q01210,1,luckyelephantthai.com,G01096,train
Q01211,1,condos-at-the-beach.com,G01097,test
Q01212,1,199.192.18.162,G01098,train
Q01213,0,mobilexpose.com,G01099,train
Q01214,0,lanzaroteinformation.co.uk,G01100,train
Q01215,0,simon.com,G01101,val
Q01216,0,solvedassignmentaiou.com,G01102,train
Q01217,0,mamapics.com,G01103,train
Q01218,0,optique27.com,G01104,train
Q01219,0,faa.gov,G01105,train
Q01220,0,roma-antiqua.de,G01106,test
Q01221,1,intercambios.org.ar,G01107,test
Q01222,1,bit.do,G00966,train
Q01223,0,ipadable.com,G01108,train
Q01224,1,aggiornareprofilonline.com,G00094,train
Q01225,1,vot.pl,G01109,val
Q01226,1,tcorner.fr,G01110,train
Q01227,0,academlib.com,G01111,train
Q01228,0,consumerreports.org,G00258,val
Q01229,0,autonomic-controls.com,G01112,test
Q01230,1,designfitters.com,G01113,train
Q01231,0,matchy.net,G01114,train
Q01232,0,dickssportinggoods.com,G00944,train
Q01233,0,baynhe.vn,G01115,train
Q01234,1,alertasexito.com,G01116,train
Q01235,0,dezeen.com,G01117,train
Q01236,1,navettetrans.com,G01118,train
Q01237,1,watsonspestcontrol.com.au,G00019,train
Q01238,1,45.40.130.40,G01119,train
Q01239,1,rebrand.ly,G00128,train
Q01240,0,australianfavors.com.au,G01120,train
Q01241,0,lurkmore.to,G01121,train
Q01242,1,yolasite.com,G00745,train
Q01243,0,amsoil.com,G01122,train
Q01244,0,womenshealthmag.co.uk,G01123,train
Q01245,0,online-tech-tips.com,G00764,train
Q01246,0,oodesign.com,G01124,val
Q01247,1,masterhealthcaregroup.com,G01125,test
Q01248,0,kia.com,G01126,train
Q01249,1,illmickelsonbeats.com,G00276,train
Q01250,1,naturealtree.com,G01127,train
Q01251,1,goldcoastships.com,G00430,val
Q01252,1,zxc301.com,G01128,train
Q01253,1,puertolibreecuador.com,G01129,train
Q01254,1,holopokor.com,G01130,train
Q01255,1,deref-gmx.net,G01131,val
Q01256,1,navettetrans.com,G01118,train
Q01257,1,anjoe.com,G01132,test
Q01258,0,alternativeairlines.com,G01133,train
Q01259,0,foursquare.com,G00104,train
Q01260,1,enex-ref.com,G01134,train
Q01261,0,medicalnewstoday.com,G01135,train
Q01262,1,limitlessearn.com,G01136,train
Q01263,0,biocreative.org,G01137,train
Q01264,1,presentes-promocoes-premier.com,G01138,train
Q01265,0,slate.com,G01139,train
Q01266,0,sv-centre.ru,G01140,test
Q01267,1,vakantieverhuur.be,G01141,train
Q01268,0,alterego.gr,G01142,train
Q01269,1,z73sx3kfvu12ol97jastd32ksdyu2mu2ds.ga,G01143,val
Q01270,0,byggmakkerpluss.no,G01144,val
Q01271,1,digitalmillionaires.com,G01145,train
Q01272,0,doctoranytime.gr,G01146,train
Q01273,1,office.com,G00110,train
Q01274,0,techzoom.net,G01147,train
Q01275,0,simplypsychology.org,G01148,train
Q01276,1,johannareserve.com.au,G01149,train
Q01277,0,open-electronics.org,G01150,test
Q01278,0,wikihow.com,G00639,val
Q01279,1,samcool.org,G01151,test
Q01280,0,telstra.com.au,G01152,test
Q01281,1,pranfoods.asia,G01153,val
Q01282,1,kinghost.net,G01154,train
Q01283,1,strykertoyhaulers.com,G01155,train
Q01284,0,espn.com,G01156,train
Q01285,0,bigfishgames.com,G01157,val
Q01286,1,edoism.com,G01158,train
Q01287,0,indexsignal.com,G01159,train
Q01288,0,traingames365.com,G01160,train
Q01289,0,harrier.net,G01161,train
Q01290,1,stichtingarkadamethode.nl,G00552,val
Q01291,1,thisdayjune.com,G01162,train
Q01292,0,tortissimo.de,G01163,train
Q01293,1,microsoftonline.com,G01164,test
Q01294,1,emyungin.com,G01165,train
Q01295,1,holl-vips.com,G01166,val
Q01296,1,baby-lim.com,G01167,test
Q01297,1,heartstrongyoga.com,G00601,train
Q01298,1,slempresas.com.br,G01168,train
Q01299,0,learnersdictionary.com,G01169,train
Q01300,0,express.co.uk,G01170,test
Q01301,1,ccbcmd.edu,G01171,train
Q01302,0,metajob.at,G01172,train
Q01303,1,45.238.23.82,G01173,train
Q01304,1,husolicitors.com.au,G01174,train
Q01305,1,google.com,G01175,test
Q01306,0,oracle.com,G00914,val
Q01307,0,getnerdio.com,G01176,train
Q01308,1,chachainsurance.com,G01177,test
Q01309,1,espace-client.net,G00163,train
Q01310,1,mtron.in,G01178,val
Q01311,1,araloexpress.com,G01179,train
Q01312,0,minitab.com,G01180,train
Q01313,0,cisco.com,G01181,train
Q01314,0,psu.edu,G01182,train
Q01315,1,box.com,G00849,train
Q01316,1,massageenvyclinics.com,G01183,val
Q01317,0,craftbeer.com,G01184,train
Q01318,0,connectingthreads.com,G01185,val
Q01319,0,mathopenref.com,G01186,train
Q01320,0,pmi.pl,G01187,train
Q01321,0,flipkart.com,G01188,train
Q01322,1,pcsvet.si,G01189,train
Q01323,1,aieuv.cn,G01190,train
Q01324,1,spinkseagle.com.au,G01191,val
Q01325,1,toneelstukken.nl,G00552,val
Q01326,1,latos.co.kr,G01192,train
Q01327,1,vk.com,G01193,test
Q01328,0,experttabletennis.com,G01194,train
Q01329,1,umu.link,G01195,test
Q01330,1,typetraction.com,G01196,val
Q01331,0,junkmail.co.za,G01197,train
Q01332,1,eltronesia.id,G01198,train
Q01333,0,papersizes.org,G01199,train
Q01334,1,creatorlink.net,G01200,val
Q01335,1,2u.se,G01201,train
Q01336,0,3starmy.com,G01202,train
Q01337,0,businessmate.org,G01203,train
Q01338,1,autoscurt24.de,G01204,test
Q01339,1,dianaimpex.com,G01205,val
Q01340,1,decaturilbgc.com,G01206,test
Q01341,1,okulumda.com,G01207,train
Q01342,0,airwater.co.za,G01208,test
Q01343,1,evostore.com.np,G01080,test
Q01344,0,tsmplug.com,G01209,train
Q01345,0,dottech.org,G01210,train
Q01346,0,alatest.nl,G01211,train
Q01347,0,minecrafthackedclients.com,G01212,train
Q01348,0,impactartsevents.com,G01213,test
Q01349,0,vichy-roche.ru,G01214,train
Q01350,1,ambautosalvage.com,G01215,train
Q01351,0,ranker.com,G01216,test
Q01352,0,musikexpress.de,G01217,train
Q01353,0,mobilemp3indir.com,G01218,train
Q01354,1,themariettabilliardclub.com,G01219,train
Q01355,1,helpacitizen.com,G01220,train
Q01356,1,balitrm.com,G01221,train
Q01357,1,onager.co.kr,G01222,train
Q01358,0,amigobulls.com,G01223,train
Q01359,0,passivehousecanada.com,G01224,train
Q01360,1,leadsrus.co,G00603,train
Q01361,0,accu-tech.com,G01225,train
Q01362,1,mamujutengahkab.go.id,G01226,test
Q01363,1,35.199.84.117,G01227,train
Q01364,0,facebook.com,G01228,val
Q01365,0,ltkeepsakes.com,G01229,test
Q01366,1,taalim.ma,G01230,test
Q01367,0,teebweb.org,G01231,train
Q01368,1,tokokainbandung.com,G01232,test
Q01369,1,futbolfinanciero.com.pe,G01233,train
Q01370,0,apkhere.com,G01234,train
Q01371,1,faktor.rs,G01235,test
Q01372,0,mmadventure.com,G01236,train
Q01373,0,fsymbols.com,G01237,test
Q01374,0,whatismyipaddress.com,G01238,train
Q01375,0,memopanel.nl,G01239,val
Q01376,0,ecorporateoffices.com,G01240,train
Q01377,0,linepc.me,G01241,train
Q01378,1,bit.do,G00966,train
Q01379,1,ifeveraussies.com,G01242,val
Q01380,0,um.edu.ar,G01243,train
Q01381,0,pinterest.com,G01244,test
Q01382,1,eoexpo.sa,G01245,train
Q01383,0,blogfa.com,G01246,train
Q01384,1,rksmb.org,G01247,train
Q01385,0,definitions.net,G01248,test
Q01386,0,gtc.edu,G01249,train
Q01387,0,hindihelpguru.com,G01250,train
Q01388,1,promohinotruck.com,G01251,train
Q01389,0,madehow.com,G00988,train
Q01390,0,cummins.jobs,G01252,train
Q01391,1,pmlti-etai-2.ovh,G01253,train
Q01392,0,cozyladywear.com,G01254,train
Q01393,0,poravkino.ru,G01255,test
Q01394,1,yolasite.com,G00745,train
Q01395,1,savteksol.com,G01256,test
Q01396,0,wikia.com,G00839,train
Q01397,0,optus.com.au,G00952,train
Q01398,1,cloudns.asia,G00111,val
Q01399,1,baby-lim.com,G01167,test
Q01400,0,supermama.lt,G01257,train
Q01401,0,ati.su,G01258,train
Q01402,0,elsevier.com,G01259,train
Q01403,1,agrover.uz,G01260,val
Q01404,1,equalchances.org,G01261,train
Q01405,1,mehmetuyar.com,G01262,test
Q01406,0,dw.com,G01263,test
Q01407,1,kievskaya22.ru,G01264,train
Q01408,1,anon.to,G01265,train
Q01409,0,cpan.org,G01266,train
Q01410,0,indianhealthyrecipes.com,G01267,train
Q01411,0,wordstream.com,G01268,test
Q01412,0,moviefanatic.com,G01269,val
Q01413,1,uni5.net,G01270,test
Q01414,0,andersoneconomicgroup.com,G01271,val
Q01415,0,sanfoundry.com,G01272,train
Q01416,1,clubedemilhagem.com,G01273,train
Q01417,1,jpdmi.com,G01274,test
Q01418,0,pinterest.com,G01244,test
Q01419,1,siliguribaghajatinsportingclub.com,G01275,train
Q01420,1,free.fr,G00453,val
Q01421,0,dsubluehawks.com,G01276,train
Q01422,1,officialliker.co,G01277,train
Q01423,0,easycalculation.com,G01278,train
Q01424,1,cndoubleegret.com,G00483,test
Q01425,1,sslblindado.com,G01279,train
Q01426,1,presentes-promocoes-premier.com,G01138,train
Q01427,1,equalchances.org,G01261,train
Q01428,0,wikiwiseman.com,G01280,train
Q01429,0,myfuture.com,G01281,train
Q01430,0,esky.ro,G01282,train
Q01431,1,creatorlink.net,G01200,val
Q01432,1,billingservice-ee.com,G01283,train
Q01433,1,mbmarquitectos.com.pe,G01284,val
Q01434,0,moderncoinmart.com,G01285,train
Q01435,0,infomagic.com,G01286,train
Q01436,0,armorgames.com,G01287,train
Q01437,0,demandmetric.com,G01288,train
Q01438,0,artflakes.com,G01289,train
Q01439,1,firebaseapp.com,G01290,val
Q01440,1,g102d3e13e313e1.com,G01291,train
Q01441,1,ficcca.org,G01292,test
Q01442,1,newjoysf.org,G01293,train
Q01443,0,kinopoisk.ru,G00202,train
Q01444,1,pantoanima.es,G01294,train
Q01445,1,gelmec.co.uk,G01295,test
Q01446,1,stolizaparketa.ru,G01015,train
Q01447,1,bolong3d.com,G00837,train
Q01448,1,tinyletterapp.com,G01296,train
Q01449,0,publishroom.com,G01297,val
Q01450,1,enerclim.com,G00837,train
Q01451,0,lynnlandscapedesign.com,G01298,train
Q01452,0,truli.com,G01299,train
Q01453,1,mixh.jp,G00173,train
Q01454,1,sloaneandhyde.com,G00841,train
Q01455,1,serveusers.com,G01300,test
Q01456,0,microoyun.com,G01301,train
Q01457,0,wired.com,G01302,train
Q01458,0,fundingconnection.co.za,G01303,train
Q01459,1,etagy.net,G00296,train
Q01460,1,adviceintl.com,G01304,train
Q01461,1,applmanager.com,G00310,train
Q01462,1,loubo-ci.com,G01305,train
Q01463,0,namdargroup.ir,G01306,val
Q01464,0,bacanal.com.ar,G01307,train
Q01465,1,lighthousebookkeeping.com.au,G01308,train
Q01466,1,imsly.com,G00227,train
Q01467,0,allmystery.de,G01309,train
Q01468,0,wikia.com,G00839,train
Q01469,0,payscale.com,G00959,test
Q01470,1,imsmart.in,G01310,train
Q01471,1,elccircuit.com,G01311,train
Q01472,1,telltaleswriting.com,G01312,val
Q01473,1,securecuserver.co.uk,G01313,train
Q01474,0,azlyrics.com,G01314,train
Q01475,0,olympusdiving.com,G01315,train
Q01476,0,ontslag.nl,G01316,train
Q01477,1,rxcmpd.com,G01317,val
Q01478,1,chypp.com.ar,G01318,train
Q01479,0,gamestation.gr,G01319,train
Q01480,0,nbclosangeles.com,G01320,train
Q01481,0,clipartpal.com,G01321,train
Q01482,1,live.com,G01322,val
Q01483,0,kollimenoswood.gr,G01323,val
Q01484,0,ecomparemo.com,G01324,train
Q01485,0,doshkolenok.kiev.ua,G01325,test
Q01486,0,leagle.com,G01326,train
Q01487,0,boro.gr,G01327,train
Q01488,0,vegrecipesofindia.com,G01328,train
Q01489,0,interticket.com,G01329,train
Q01490,0,w3schools.com,G01330,train
Q01491,1,feesthut.be,G00552,val
Q01492,1,vereins.at,G01331,train
Q01493,0,bankwest.com.au,G01332,train
Q01494,0,incom.ru,G01333,train
Q01495,0,howstuffworks.com,G00116,test
Q01496,1,narod.ru,G00743,train
Q01497,1,evernote.com,G00548,test
Q01498,0,btcz.rocks,G01334,test
Q01499,1,kloshpro.com,G00060,test
Q01500,1,visionsofrapturephoto.com,G01335,test
Q01501,0,computerhope.com,G00256,train
Q01502,1,courgeon-immobilier.fr,G01336,train
Q01503,1,openatelier.nl,G00552,val
Q01504,0,diffen.com,G01337,val
Q01505,1,wikaba.com,G00296,train
Q01506,1,net2care.com,G00097,train
Q01507,0,churchandchapel.com,G01338,train
Q01508,1,grabyourcode.com,G01339,train
Q01509,0,geomalgorithms.com,G01340,val
Q01510,1,peoplemakingplaces.com,G01341,train
Q01511,1,live.com,G01322,val
Q01512,0,jelqgym.com,G01342,train
Q01513,0,calculate.co.il,G01343,train
Q01514,1,theironinnparlour.co.uk,G01344,train
Q01515,1,firebaseapp.com,G01290,val
Q01516,0,theportalwiki.com,G01345,train
Q01517,0,shopomatic.ru,G01346,train
Q01518,1,codesandbox.io,G01347,train
Q01519,0,testmy.net,G01348,val
Q01520,0,ramalin.com,G01349,train
Q01521,1,1drv.ms,G00501,train
Q01522,1,ruasepicas.pt,G01350,val
Q01523,1,impotspublicservice.com,G00971,val
Q01524,0,okhca.org,G01351,train
Q01525,0,oboicity.ru,G01352,train
Q01526,0,sevenforums.com,G01353,train
Q01527,0,forbes.com,G01354,test
Q01528,0,barclaycard.co.uk,G01355,val
Q01529,0,hammernutrition.com,G01356,train
Q01530,0,oopsmovs.com,G01357,train
Q01531,0,cliffsnotes.com,G01358,test
Q01532,0,mature-amateur-sex.com,G01359,test
Q01533,0,smpalma.it,G01360,train
Q01534,1,yvddgk.gq,G01361,test
Q01535,0,balbooa.com,G01362,train
Q01536,1,meritroyalbetgiris21.com,G01363,train
Q01537,0,hp.com,G01364,train
Q01538,0,fastcabinetdoors.com,G01365,train
Q01539,0,mybjj.com.au,G01366,train
Q01540,0,proluft.hr,G01367,train
Q01541,1,1drv.ms,G00501,train
Q01542,1,solidtrans.pl,G01368,train
Q01543,1,imagelinetech.com,G00170,train
Q01544,0,developershome.com,G01369,train
Q01545,1,fbhackpass.com,G01370,train
Q01546,1,assicuriamoci.net,G01371,train
Q01547,0,couponchief.com,G01372,train
Q01548,1,meritroyalbetgiris21.com,G01363,train
Q01549,0,flaticon.com,G01373,train
Q01550,0,mdcp.com,G01374,train
Q01551,0,naturesbasket.co.in,G01375,val
Q01552,0,springer.com,G01376,train
Q01553,1,000webhostapp.com,G00296,train
Q01554,0,fontspace.com,G01377,val
Q01555,0,applytojob.com,G01378,train
Q01556,1,144.172.64.57,G01379,train
Q01557,0,gameranx.com,G01380,train
Q01558,1,to-stromatadiko.gr,G01381,train
Q01559,0,quackit.com,G01382,train
Q01560,0,xpdrivers.com,G01383,train
Q01561,1,www1.biz,G01384,train
Q01562,1,mixh.jp,G00173,train
Q01563,1,henrikssonbygg.se,G01385,train
Q01564,0,123helpme.com,G01386,train
Q01565,0,elegantthemes.com,G01387,val
Q01566,1,savageconquest.com,G01388,test
Q01567,0,cosplayc.com,G01389,train
Q01568,1,inditioncra.com,G01390,train
Q01569,0,averagesalarysurvey.com,G01391,train
Q01570,1,union.gr,G00026,test
Q01571,1,firebaseapp.com,G01290,val
Q01572,0,mathsisfun.com,G01392,train
Q01573,0,novadevelopment.com,G01393,train
Q01574,0,fontna.com,G01394,train
Q01575,0,typepad.com,G01395,train
Q01576,1,chrischan.net,G01396,train
Q01577,1,henrybakercollege.edu.in,G00058,train
Q01578,1,pnpboxes.com,G01397,train
Q01579,1,hi-riserofing.com,G01398,train
Q01580,0,clevelandclinicmeded.com,G01399,train
Q01581,1,informeapp.me,G01400,test
Q01582,1,kawasakiadventure.cl,G01401,val
Q01583,0,gamespot.com,G01402,val
Q01584,0,ezvid.com,G01403,train
Q01585,1,iqfilms.com,G01404,train
Q01586,1,evernote.com,G00548,test
Q01587,0,themepunch.com,G01405,train
Q01588,1,blogspot.com,G01406,test
Q01589,1,42vital.pl,G01407,val
Q01590,1,salesforce.com,G01408,train
Q01591,0,starasia.com.hk,G01409,train
Q01592,1,mainepta.org,G01410,train
Q01593,0,github.io,G00703,test
Q01594,1,itunesgenerator.com,G01411,test
Q01595,1,144.172.64.51,G01412,train
Q01596,1,aladasinsaat.com,G01413,train
Q01597,1,gradshower.com,G00615,val
Q01598,0,hd-bits.com,G01414,train
Q01599,1,justns.ru,G01068,train
Q01600,0,pnp.co.za,G01415,test
Q01601,0,meilleur-vin-provence.com,G01416,train
Q01602,1,29studios.com,G01417,train
Q01603,0,empire.co.at,G01418,train
Q01604,0,monroeblvd.com,G01419,train
Q01605,1,regiscoyne.com,G01420,train
Q01606,0,opticsplanet.com,G01421,train
Q01607,1,webcindario.com,G00070,train
Q01608,1,googleapis.com,G01422,train
Q01609,0,babylon-software.com,G00684,train
Q01610,0,w3schools.com,G01330,train
Q01611,0,bls.gov,G01423,test
Q01612,1,test-account.com,G01424,train
Q01613,1,evoxhosting.com,G01425,val
Q01614,0,w3.org,G01426,test
Q01615,1,labottee.com,G00837,train
Q01616,1,imfast.io,G01427,train
Q01617,0,yoast.com,G01428,train
Q01618,1,zabor-vn.com,G00485,train
Q01619,0,camaranmt.rs.gov.br,G00234,train
Q01620,1,mfmazetomatrix.com,G00206,train
Q01621,1,mybankicbc.com,G01429,train
Q01622,1,interoptika.hu,G01430,train
Q01623,1,santiagoferreira.com.br,G01431,val
Q01624,1,tecpontos-online.com,G01432,train
Q01625,1,dx.am,G00234,train
Q01626,1,animalwelfareinc.org,G01433,test
Q01627,1,syshainc.com,G01434,test
Q01628,0,internetserviceproviders.org,G01435,val
Q01629,1,paws.org.au,G01436,train
Q01630,0,zamzar.com,G01437,train
Q01631,0,devstorm-apps.com,G01438,test
Q01632,1,brim.ru,G01439,test
Q01633,0,dartmouth.edu,G01440,train
Q01634,1,flavena.co.rs,G01441,train
Q01635,0,coablog.org,G01442,train
Q01636,0,xhamster.com,G01443,train
Q01637,0,wyzant.com,G01444,train
Q01638,1,stolizaparketa.ru,G01015,train
Q01639,1,skyfencenet.com,G01093,train
Q01640,0,webcountdown.de,G01445,val
Q01641,1,allflagsauto.com,G01446,test
Q01642,1,gsk-mozirje.si,G00545,train
Q01643,1,osman.tw,G01447,test
Q01644,0,choixpc.com,G01448,test
Q01645,1,progarchives.com,G01449,train
Q01646,1,itsaol.com,G00296,train
Q01647,0,showwall.com,G01450,val
Q01648,1,ncirl.ie,G01451,train
Q01649,1,bit.ly,G00426,train
Q01650,0,nocleansinging.com,G01452,test
Q01651,0,scribd.com,G00885,train
Q01652,0,be-glass.de,G01453,train
Q01653,1,karate-haguenau.com,G00837,train
Q01654,0,bing.com,G01454,train
Q01655,1,py.pl,G01455,train
Q01656,1,muralsbysteve.com,G01456,train
Q01657,1,kekk.is,G01457,test
Q01658,0,cryptomining-blog.com,G01458,train
Q01659,1,starmak.com.tr,G01459,train
Q01660,1,lg-led-culture.com,G01460,train
Q01661,1,maxvirtude.com.br,G01461,test
Q01662,0,nationalmssociety.org,G01462,train
Q01663,0,dapeco.com.om,G01463,train
Q01664,1,kbagro.co.th,G01464,test
Q01665,0,appleinsider.com,G01465,train
Q01666,1,chinadryer.cn,G01466,train
Q01667,0,cigarety-el.cz,G01467,val
Q01668,1,206.189.118.168,G01468,train
Q01669,1,vk.com,G01193,test
Q01670,0,getandroidstuff.com,G01469,train
Q01671,0,hodesco.com,G01470,train
Q01672,1,shadetreetechnology.com,G00420,train
Q01673,0,makeuseof.com,G01471,train
Q01674,1,dunggiodrilling.com,G01472,val
Q01675,1,popupbarbados.com,G01473,train
Q01676,1,starmak.com.tr,G01459,train
Q01677,0,americanmcgee.com,G01474,train
Q01678,0,sau.int,G01475,val
Q01679,0,extremetech.com,G01476,train
Q01680,1,dtbatna.com,G01026,train
Q01681,1,bicicentroslezama.com,G01477,train
Q01682,0,infoconcorso.it,G01478,train
Q01683,1,pathfinance.pro,G00837,train
Q01684,0,bhaktimarga.hu,G01479,train
Q01685,0,github.com,G01480,val
Q01686,1,vk.com,G01193,test
Q01687,1,larutamilenariadelatun.com,G01481,test
Q01688,0,google.co.uz,G01482,val
Q01689,1,myeiherwollet.com,G01483,train
Q01690,1,marketinghelper.com.au,G00036,val
Q01691,0,transangels.com,G01484,test
Q01692,0,tripadvisor.com,G01485,test
Q01693,1,imagenesmentales.com,G01486,test
Q01694,0,broken-links.com,G01487,train
Q01695,1,mojinterier.sk,G01488,train
Q01696,0,azlyrics.com,G01314,train
Q01697,1,box.com,G00849,train
Q01698,0,bway.net,G01489,train
Q01699,1,000webhostapp.com,G00296,train
Q01700,1,huajiemu.com,G01490,train
Q01701,0,instructables.com,G01491,train
Q01702,0,wisegeek.com,G00357,test
Q01703,0,yelp.com,G01492,train
Q01704,1,drpiza.com,G01493,train
Q01705,0,mashable.com,G01494,test
Q01706,0,hackaday.com,G01495,train
Q01707,1,myappwiz.com,G01496,train
Q01708,0,mightyjaxx.rocks,G01497,val
Q01709,0,optuszoo.com.au,G01498,train
Q01710,0,dell.com,G01499,train
Q01711,1,upgrade-emailexchange.ml,G01500,val
Q01712,0,midroll.com,G01501,train
Q01713,0,qimacros.com,G01502,train
Q01714,1,contacthawk.com,G01503,train
Q01715,0,nbc.com,G01504,train
Q01716,1,51haoyayi.cn,G01505,train
Q01717,0,mozillazine.org,G01506,val
Q01718,0,les-plus-beaux-campings.com,G01507,train
Q01719,1,tholle.co.za,G01508,train
Q01720,1,feitoparavoce-digital.com,G01509,val
Q01721,1,sambas.go.id,G01510,train
Q01722,1,ezoomeranggrow.com,G01083,train
Q01723,1,mne.edu.vn,G01511,train
Q01724,1,online.fr,G01512,train
Q01725,1,manuelenriquesalonyspa.com,G01513,train
Q01726,1,hf502.com,G01514,test
Q01727,0,timeanddate.com,G01515,train
Q01728,1,hyperurl.co,G01516,train
Q01729,0,sportshub.com.sg,G01517,test
Q01730,1,my-3-management-centre.com,G01518,val
Q01731,0,genome.jp,G01519,train
Q01732,0,sobem.org.hk,G01520,train
Q01733,0,ducic.ac.in,G01521,train
Q01734,0,adafruit.com,G01522,train
Q01735,0,recursosdeautoayuda.com,G01523,val
Q01736,1,peparena.world,G01524,train
Q01737,0,powershow.com,G00530,test
Q01738,1,corfuproperty.gr,G01525,train
Q01739,1,plataforma-segwra-bnonline1.com,G01526,train
Q01740,1,kwansasia.com,G01527,train
Q01741,1,iwebsite.com.au,G01528,train
Q01742,1,kelltontech.net,G01529,train
Q01743,1,anlanjiehostel.com,G01530,train
Q01744,1,ghadirigraphic.ir,G01531,train
Q01745,1,madsuka.com,G00910,train
Q01746,0,mexatk.com,G01532,train
Q01747,1,clearpointsupplies.com,G00379,test
Q01748,1,myshn.net,G01533,train
Q01749,1,leadpanther.com,G01534,train
Q01750,1,ambrosecourt.com,G00662,test
Q01751,1,perfectliker.net,G01535,train
Q01752,1,wellbeingresort-ci.com,G01536,train
Q01753,1,caraola.es,G01537,test
Q01754,1,mocabonitabresil.com,G01538,train
Q01755,0,coolest-birthday-cakes.com,G01539,val
Q01756,1,com-sa.pm,G01540,val
Q01757,1,myshn.net,G01533,train
Q01758,1,wz.cz,G00701,val
Q01759,1,vtchekhov.com,G01541,val
Q01760,0,eggdonationfriends.com,G01542,train
Q01761,0,powershow.com,G00530,test
Q01762,1,karim-gawad.com,G01543,train
Q01763,1,tmweb.ru,G01544,train
Q01764,0,hersenstichting.nl,G01545,train
Q01765,1,dline.info,G01546,train
Q01766,1,csb.app,G00529,train
Q01767,0,techsupportalert.com,G01547,train
Q01768,0,torancenter.org,G01548,val
Q01769,0,laptopmag.com,G01549,train
Q01770,1,eiepl.com,G01550,train
Q01771,1,ocry.com,G01551,train
Q01772,1,getactive365.com,G01552,train
Q01773,1,unitus.mk.ua,G00760,train
Q01774,1,cfccorp.net,G00550,train
Q01775,1,dropbox.com,G01553,train
Q01776,1,flashstart.com.ar,G01554,test
Q01777,1,getwetusa.com,G01555,val
Q01778,1,lightlink.com.cn,G00771,train
Q01779,1,win-install.info,G01556,train
Q01780,1,paper-architecture.com,G01557,test
Q01781,1,alquileres.com.py,G01558,train
Q01782,1,4able.com.br,G01559,train
Q01783,1,moonfruit.com,G00190,train
Q01784,1,anpectiza.tk,G01560,train
Q01785,0,ksatelier.sk,G01561,train
Q01786,0,choose-piano-lessons.com,G01562,test
Q01787,1,builderallwp.com,G01563,train
Q01788,1,netlify.app,G00230,test
Q01789,0,wonderhowto.com,G01564,train
Q01790,0,swhowto.com,G01565,test
Q01791,0,tsv-birkenau.de,G01566,train
Q01792,1,ocry.com,G01551,train
Q01793,1,lakatosfoundation.com,G01567,train
Q01794,1,185.17.106.194,G01568,train
Q01795,1,ispot.cc,G01569,val
Q01796,0,emedtv.com,G01570,train
Q01797,1,acklaimltd.com,G01571,train
Q01798,0,e-handball.gr,G01572,train
Q01799,1,geekyjuice.com,G01573,train
Q01800,1,1drv.ms,G00501,train
Q01801,0,microsoftonline.com,G01164,test
Q01802,1,skyfencenet.com,G01093,train
Q01803,1,209.140.29.226,G00433,train
Q01804,0,publicdomainsherpa.com,G01574,train
Q01805,1,tinyurl.com,G00714,train
Q01806,0,bgr.com,G01575,test
Q01807,1,refresh-money.co.uk,G01576,train
Q01808,0,blackswallow.com.au,G01577,train
Q01809,1,villahidalgoysugente.com,G01578,train
Q01810,0,consultgeri.org,G01579,train
Q01811,0,businessdictionary.com,G01074,train
Q01812,1,mcpre.ru,G01580,train
Q01813,1,acda.org.br,G01581,test
Q01814,1,alphacon.co.id,G01582,test
Q01815,0,all-electronics.de,G01583,val
Q01816,1,a3579.com,G01584,train
Q01817,1,marinasirtis.tv,G01585,test
Q01818,0,oracle.com,G00914,val
Q01819,0,tu-dortmund.de,G01586,train
Q01820,0,careerjet.com,G01587,train
Q01821,0,cookieandkate.com,G01588,train
Q01822,0,drivetrain.com,G01589,train
Q01823,0,beautease.com,G01590,train
Q01824,1,csb.app,G00529,train
Q01825,1,venue-hire.net.au,G01591,train
Q01826,1,yovcxm.com,G00520,test
Q01827,1,12yards.ru,G01592,train
Q01828,0,thefreedictionary.com,G00649,train
Q01829,1,repl.run,G01593,train
Q01830,0,serendipity-astrolovers.com,G01594,val
Q01831,1,kam-net.ci,G00007,train
Q01832,0,slideserve.com,G00931,train
Q01833,1,samcool.org,G01151,test
Q01834,0,davidbenavente.com,G01595,train
Q01835,0,motiondsp.com,G01596,train
Q01836,0,merriam-webster.com,G00730,train
Q01837,0,modir-shabake.com,G01597,train
Q01838,1,epizy.com,G01598,val
Q01839,1,gasecurity.com.ar,G00700,train
Q01840,0,neocities.org,G01599,train
Q01841,0,smallbusinesscomputing.com,G01600,train
Q01842,1,dns-cloud.net,G01601,val
Q01843,1,hydropneuengg.com,G01602,train
Q01844,0,roommanager.com.au,G01603,val
Q01845,0,xfinity.com,G01604,test
Q01846,0,newegg.ca,G01605,train
Q01847,0,businessdictionary.com,G01074,train
Q01848,1,standingovationsentertainment.com,G01606,val
Q01849,0,azquotes.com,G01607,train
Q01850,1,imeipro.info,G01608,val
Q01851,0,foxtons.co.uk,G01609,train
Q01852,1,presentes-promocoes-premier.com,G01138,train
Q01853,1,wow-atlantida.com,G01610,train
Q01854,0,handshq.com,G01611,val
Q01855,0,bwvision.com,G01612,train
Q01856,0,wireshark.org,G01613,train
Q01857,1,popupbarbados.com,G01473,train
Q01858,0,maria-black.com,G01614,val
Q01859,0,payscale.com,G00959,test
Q01860,1,kailashcorporateservices.com,G01615,train
Q01861,1,sharepoint.com,G00397,train
Q01862,1,justns.ru,G01068,train
Q01863,1,stackblitz.io,G01616,test
Q01864,0,fareastcontainers.com,G01617,test
Q01865,1,vk.com,G01193,test
Q01866,1,upgradebeta.com,G01618,val
Q01867,0,silvergames.com,G01619,train
Q01868,1,centurionallsuite.co.za,G01620,train
Q01869,0,cnet.com,G00107,train
Q01870,1,peepschannel.com,G01621,train
Q01871,0,answers.com,G00159,train
Q01872,1,handsonbeautysalon.co.uk,G01622,train
Q01873,1,monclernorway.com,G01623,train
Q01874,0,iloveazores.net,G01624,val
Q01875,0,blogspot.ru,G01625,test
Q01876,0,nairaland.com,G01626,train
Q01877,0,scribd.com,G00885,train
Q01878,0,programsgulf.com,G01627,test
Q01879,0,tumblr.com,G01628,val
Q01880,1,frankdiekman.com,G01629,train
Q01881,0,thejigsawpuzzles.com,G01630,train
Q01882,0,hidoc.co.kr,G01631,test
Q01883,1,jainsonbookworld.com,G01632,train
Q01884,0,ayurvedicgyan.in,G01633,train
Q01885,1,zaimlimit.ru,G00801,train
Q01886,0,lamar.edu,G01634,val
Q01887,1,accounts-login-idm-telekomidm.cloud,G01635,test
Q01888,1,macmoro.com,G01636,test
Q01889,1,imsly.com,G00227,train
Q01890,1,moelter-film.de,G01637,val
Q01891,1,emagcreator.com,G01638,test
Q01892,0,realizables.es,G01639,val
Q01893,1,projonmowave.com,G01640,train
Q01894,0,shmoop.com,G01641,train
Q01895,1,bdo-onlineverify.xyz,G01642,train
Q01896,0,instructables.com,G01491,train
Q01897,0,e-imamu.edu.sa,G01643,train
Q01898,0,list.ly,G01644,train
Q01899,0,learningaboutelectronics.com,G01645,train
Q01900,1,encarnacionhurtado.com,G00093,train
Q01901,0,osxdaily.com,G01646,train
Q01902,0,slideshare.net,G00517,train
Q01903,0,salary.com,G01647,train
Q01904,1,www1.biz,G01384,train
Q01905,1,1drv.ms,G00501,train
Q01906,1,iac.org.in,G01648,train
Q01907,1,revistaclipa.com,G01649,train
Q01908,0,fotoshkola-druzya.ru,G01650,train
Q01909,1,chauffagethermopompeclimatisation.ca,G01651,train
Q01910,1,m9e4.com,G00304,test
Q01911,1,banconesecurity.com,G00296,train
Q01912,1,wpage.cc,G01652,val
Q01913,1,personalportfolio.com.au,G00296,train
Q01914,1,codesandbox.io,G01347,train
Q01915,1,nxcli.net,G01653,train
Q01916,0,hubspot.com,G01654,train
Q01917,0,pdpics.com,G01655,train
Q01918,0,ka-cn.com,G01656,train
Q01919,0,playtool.com,G01657,val
Q01920,1,office.com,G00110,train
Q01921,1,189.36.52.206,G01658,train
Q01922,1,marketinghelper.com.au,G00036,val
Q01923,1,mace-paris.com,G01659,train
Q01924,0,crownhoteltm.com,G01660,val
Q01925,1,ryder-dutton.co.uk,G01661,train
Q01926,0,50plus.de,G01662,train
Q01927,0,heartmus.dk,G01663,test
Q01928,1,zdravets.org,G01664,train
Q01929,0,techguy.org,G01665,train
Q01930,0,lebara.com.au,G01666,train
Q01931,0,vocabulary.com,G01667,train
Q01932,0,dictionarist.com,G00899,val
Q01933,0,britannica.com,G00917,test
Q01934,0,visitparkcity.com,G01668,val
Q01935,1,reippl.com,G01669,train
Q01936,0,seriouseats.com,G01670,test
Q01937,0,onlineocr.net,G01671,test
Q01938,0,wikia.com,G00839,train
Q01939,0,lunarium.co.uk,G01672,train
Q01940,1,xyzguyz.com,G01673,train
Q01941,1,vintostal.pl,G01674,val
Q01942,1,goldensealstudio.com,G01675,train
Q01943,1,voilaparisinterior.com,G01676,train
Q01944,0,0930-69.com,G01677,train
Q01945,1,acostamueble.com,G00093,train
Q01946,1,gminawilkow.pl,G01678,train
Q01947,1,thewcollection.co.uk,G01679,train
Q01948,0,softsea.com,G01680,train
Q01949,1,tonidicoimbra.club,G01681,train
Q01950,0,kirith.com,G01682,train
Q01951,0,healthrid.org,G01683,train
Q01952,0,ehow.com,G01684,train
Q01953,1,intnet.mu,G01063,train
Q01954,0,helpdeskgeek.com,G01685,val
Q01955,0,xn--mhringen-n4a.de,G01686,val
Q01956,1,nabihdent.com,G01687,train
Q01957,1,starmak.com.tr,G01459,train
Q01958,0,studytonight.com,G01688,train
Q01959,1,facebaak.gq,G01689,train
Q01960,0,bandaacehkota.go.id,G01690,train
Q01961,1,habfurdo.com,G01691,val
Q01962,0,sakenin.com,G01692,train
Q01963,0,juristenkoffer.de,G01693,train
Q01964,0,balloonsaloon.com,G01694,test
Q01965,0,brightspyre.com,G01695,val
Q01966,1,danielschreurs.com,G01696,train
Q01967,0,slideserve.com,G00931,train
Q01968,1,qpass.com,G01697,val
Q01969,0,slideserve.com,G00931,train
Q01970,0,populuslive.com,G01698,val
Q01971,1,everythingwakeboard.com,G01699,train
Q01972,0,ccmservicios.com.mx,G01700,test
Q01973,0,dittomusic.com,G01701,train
Q01974,1,4able.com.br,G01559,train
Q01975,1,joshtobye.com,G00464,train
Q01976,0,teatroscanal.com,G01702,val
Q01977,0,havwoods.co.uk,G01703,train
Q01978,1,citrulline.fr,G00804,train
Q01979,1,irfantrading.com,G01704,train
Q01980,0,builditsolar.com,G01705,train
Q01981,1,subcultuur.nl,G00552,val
Q01982,0,kompost.ch,G01706,train
Q01983,1,freetakipci.net,G01707,test
Q01984,1,000webhostapp.com,G00296,train
Q01985,0,missfiga.com,G01708,test
Q01986,1,magix.net,G01709,train
Q01987,0,itrelease.com,G01710,train
Q01988,1,intnet.mu,G01063,train
Q01989,0,wootware.co.za,G01711,test
Q01990,0,torproject.org,G01712,train
Q01991,1,neilmacqueen.com,G00280,train
Q01992,1,jaleco.com,G01713,train
Q01993,1,stolizaparketa.ru,G01015,train
Q01994,1,ovh.net,G01714,train
Q01995,1,app.link,G01715,test
Q01996,1,1drv.ms,G00501,train
Q01997,0,tulsapolice.org,G01716,train
Q01998,1,office.com,G00110,train
Q01999,1,sovve.nl,G00837,train
